"id","partner_cd","name1","name2","name_alias","email","phone_number","partner_type_fkid","is_active","partner_role_fkid","parent_partner_id","external_id","created_at","modified_at","created_by","modified_by","age","qualification","gender","id-2","cognito_user_id","created_at-2","created_by-2","is_active-2","modified_at-2","modified_by-2","valid_from","valid_till","partner"
"181218","1399611","AARTI RATHORE",NULL,"AARTI RATHORE",NULL,"9257023190","1",True,"4",NULL,"1399611","2025-10-16 10:28:31.148",NULL,"79c621c5-65d4-440b-a931-8cef33220f5e",NULL,NULL,NULL,NULL,"152321","adcfe539-ca89-49b4-ad8d-d4ff12bf05d3","2025-10-16 10:28:31.148","79c621c5-65d4-440b-a931-8cef33220f5e",True,"2025-10-16 10:28:31.154","79c621c5-65d4-440b-a931-8cef33220f5e","2025-10-16 10:28:31.154","2099-12-31 00:00:00","181218"
"156766","1393492","AMALY K J",NULL,"AMALY K J",NULL,"9745997243","1",True,"4",NULL,"1393492","2025-10-06 05:43:13.479",NULL,"79c621c5-65d4-440b-a931-8cef33220f5e",NULL,NULL,NULL,NULL,"127941","990eca5f-590f-466a-9b0d-ee80eefeb8ac","2025-10-06 05:43:13.479","79c621c5-65d4-440b-a931-8cef33220f5e",True,"2025-10-06 05:43:13.482","79c621c5-65d4-440b-a931-8cef33220f5e","2025-10-06 05:43:13.482","2099-12-31 00:00:00","156766"
"176532","1398895","MANSI SINHA",NULL,"MANSI SINHA",NULL,"9584466582","1",True,"4",NULL,"1398895","2025-10-14 06:04:31.565",NULL,"79c621c5-65d4-440b-a931-8cef33220f5e",NULL,NULL,NULL,NULL,"147654","e8e4553d-7009-47dc-a183-25d02e31f8e8","2025-10-14 06:04:31.565","79c621c5-65d4-440b-a931-8cef33220f5e",True,"2025-10-14 06:04:31.572","79c621c5-65d4-440b-a931-8cef33220f5e","2025-10-14 06:04:31.572","2099-12-31 00:00:00","176532"
"188560","1397784","PRAMILA VISHAL BHOSALE",NULL,"PRAMILA VISHAL BHOSALE","qm.banernexa@autovista.in","8452831112","1",True,"4",NULL,"1397784","2025-10-23 09:08:48.601",NULL,"SYSTEM",NULL,NULL,NULL,NULL,"159635","ed013c0a-280f-4c1b-8e0c-7416ba7e4c46","2025-10-23 09:08:48.601","SYSTEM",True,"2025-10-23 09:08:48.605","SYSTEM","2025-10-23 09:08:48.605","2099-12-31 00:00:00","188560"
"192822","390368","POOJA BANSAL",NULL,"POOJA BANSAL","ccm.jp@ranamotors.in","7290040944","1",True,"4",NULL,"390368","2025-11-04 06:03:22.426",NULL,"SYSTEM",NULL,NULL,NULL,NULL,"163858","c2f7e192-69a3-4fee-830a-b775b2841c13","2025-11-04 06:03:22.426","SYSTEM",True,"2025-11-04 06:03:22.433","SYSTEM","2025-11-04 06:03:22.433","2099-12-31 00:00:00","192822"
