"id","partner_cd","name1","name2","name_alias","email","phone_number","partner_type_fkid","is_active","partner_role_fkid","parent_partner_id","external_id","created_at","modified_at","created_by","modified_by","age","qualification","gender"
"201591",NULL,"Aditya","Maurya","Aditya","AR001023706@TechMahindra.com","7321076361","1",True,"4","198265","1023706@maruticrm.onmicrosoft.com","2025-11-18 11:43:48.104",NULL,"60f3db66-cacb-41d1-bf19-8330b9f24c96",NULL,NULL,NULL,NULL
"201709",NULL,"Pragya","Mishra","Pragya","PM001154267@techmahindra.com","6392649326","1",True,"4","198265","1154267@maruticrm.onmicrosoft.com","2025-11-18 11:44:32.459",NULL,"60f3db66-cacb-41d1-bf19-8330b9f24c96",NULL,NULL,NULL,NULL
"201821",NULL,"Azad","Alam","Azad","AA00877324@TechMahindra.com","8527868866","1",True,"4","198265","877324@maruticrm.onmicrosoft.com","2025-11-18 11:45:59.254",NULL,"60f3db66-cacb-41d1-bf19-8330b9f24c96",NULL,NULL,NULL,NULL
"201823",NULL,"Karuna","NA","Karuna","KX001154279@techmahindra.com","8447929777","1",True,"4","198265","1154279@maruticrm.onmicrosoft.com","2025-11-18 11:47:27.421",NULL,"60f3db66-cacb-41d1-bf19-8330b9f24c96",NULL,NULL,NULL,NULL
"201838",NULL,"Fiza","Amon","Fiza","FA001159927@TechMahindra.com","6000420569","1",True,"4","198265","1159927@maruticrm.onmicrosoft.com","2025-11-18 11:48:23.111",NULL,"60f3db66-cacb-41d1-bf19-8330b9f24c96",NULL,NULL,NULL,NULL
"202118",NULL,"Rishita","Kumari","Rishita","RK001154283@techmahindra.com","7461886500","1",True,"4","198265","1154283@maruticrm.onmicrosoft.com","2025-11-18 11:51:13.663",NULL,"60f3db66-cacb-41d1-bf19-8330b9f24c96",NULL,NULL,NULL,NULL
"202053",NULL,"Akshita","Malviya","Akshita","AM001159646@TechMahindra.com","6392647012","1",True,"4","198265","1159646@maruticrm.onmicrosoft.com","2025-11-18 11:50:36.659",NULL,"60f3db66-cacb-41d1-bf19-8330b9f24c96",NULL,NULL,NULL,NULL
"202199",NULL,"Utsav","Chauhan","Utsav","UC001159926@TechMahindra.com","9410888324","1",True,"4","198265","1159926@maruticrm.onmicrosoft.com","2025-11-18 11:54:15.287",NULL,"60f3db66-cacb-41d1-bf19-8330b9f24c96",NULL,NULL,NULL,NULL
"202314","AmanNA","Aman","NA","Aman","AX001158341@TechMahindra.com","9873879920","1",True,"4","198265","1158341@maruticrm.onmicrosoft.com","2025-11-18 12:02:37.879",NULL,"c1a6ac30-6ee4-42bd-b9b8-c2fc0bfce85f",NULL,NULL,"",""
"202312",NULL,"Aryan","Choudhary","Aryan","AC001154265@techmahindra.com","7303551793","1",True,"4","198265","1154265@maruticrm.onmicrosoft.com","2025-11-18 12:01:20.698",NULL,"60f3db66-cacb-41d1-bf19-8330b9f24c96",NULL,NULL,NULL,NULL
"202316","AbhishekNA","Abhishek","NA","Abhishek","AX001159640@TechMahindra.com","9354121384","1",True,"4","198265","1159640@maruticrm.onmicrosoft.com","2025-11-18 12:02:38.812",NULL,"c1a6ac30-6ee4-42bd-b9b8-c2fc0bfce85f",NULL,NULL,"",""
"202317","DeekshaYadav","Deeksha","Yadav","Deeksha","DY001158375@TechMahindra.com","8859441039","1",True,"4","198265","1158375@maruticrm.onmicrosoft.com","2025-11-18 12:02:39.321",NULL,"c1a6ac30-6ee4-42bd-b9b8-c2fc0bfce85f",NULL,NULL,"",""
"202200",NULL,"Pankaj","NA","Pankaj","PX001154264@techmahindra.com","8307304282","1",True,"4","198265","1154264@maruticrm.onmicrosoft.com","2025-11-18 11:55:25.114",NULL,"60f3db66-cacb-41d1-bf19-8330b9f24c96",NULL,NULL,NULL,NULL
"202253",NULL,"Shreeti","Kumari","Shreeti","SK001154278@techmahindra.com","8797870260","1",True,"4","198265","1154278@maruticrm.onmicrosoft.com","2025-11-18 11:57:39.829",NULL,"60f3db66-cacb-41d1-bf19-8330b9f24c96",NULL,NULL,NULL,NULL
"202318","AyushiVarshney","Ayushi","Varshney","Ayushi","AV001158373@TechMahindra.com","8273879204","1",True,"4","198265","1158373@maruticrm.onmicrosoft.com","2025-11-18 12:02:39.768",NULL,"c1a6ac30-6ee4-42bd-b9b8-c2fc0bfce85f",NULL,NULL,"",""
"202315","IbraheemSaud","Ibraheem","Saud","Ibraheem","IS001158337@TechMahindra.com","7983223300","1",True,"4","198265","1158337@maruticrm.onmicrosoft.com","2025-11-18 12:02:38.342",NULL,"c1a6ac30-6ee4-42bd-b9b8-c2fc0bfce85f",NULL,NULL,"",""
"202319","ArunPal","Arun","Pal","Arun","AP001158492@TechMahindra.com","8178562297","1",True,"4","198265","1158492@maruticrm.onmicrosoft.com","2025-11-18 12:02:40.224",NULL,"c1a6ac30-6ee4-42bd-b9b8-c2fc0bfce85f",NULL,NULL,"",""
"202320","MdDanish","Md","Danish","Md","MX001158700@TechMahindra.com","7781890843","1",True,"4","198265","1158700@maruticrm.onmicrosoft.com","2025-11-18 12:02:40.814",NULL,"c1a6ac30-6ee4-42bd-b9b8-c2fc0bfce85f",NULL,NULL,"",""
"202327","PritiSisodia","Priti","Sisodia","Priti","PS001159905@TechMahindra.com","9211842161","1",True,"4","198265","1159905@maruticrm.onmicrosoft.com","2025-11-18 12:02:44.177",NULL,"c1a6ac30-6ee4-42bd-b9b8-c2fc0bfce85f",NULL,NULL,"",""
"202321","PiyushSharma","Piyush","Sharma","Piyush","PS001159025@TechMahindra.com","7411753472","1",True,"4","198265","1159025@maruticrm.onmicrosoft.com","2025-11-18 12:02:41.307",NULL,"c1a6ac30-6ee4-42bd-b9b8-c2fc0bfce85f",NULL,NULL,"",""
"202322","VivekKumar","Vivek","Kumar","Vivek","VK001158695@TechMahindra.com","9155096141","1",True,"4","198265","1158695@maruticrm.onmicrosoft.com","2025-11-18 12:02:41.735",NULL,"c1a6ac30-6ee4-42bd-b9b8-c2fc0bfce85f",NULL,NULL,"",""
"202329","PriyankaDubey","Priyanka","Dubey","Priyanka","PD001159017@TechMahindra.com","9026232498","1",True,"4","198265","1159017@maruticrm.onmicrosoft.com","2025-11-18 12:02:45.136",NULL,"c1a6ac30-6ee4-42bd-b9b8-c2fc0bfce85f",NULL,NULL,"",""
"202323","DeepikaUpadhyay","Deepika","Upadhyay","Deepika","DU001159018@TechMahindra.com","9458043737","1",True,"4","198265","1159018@maruticrm.onmicrosoft.com","2025-11-18 12:02:42.153",NULL,"c1a6ac30-6ee4-42bd-b9b8-c2fc0bfce85f",NULL,NULL,"",""
"202324","AnkitaKumari","Ankita","Kumari","Ankita","AK001158339@TechMahindra.com","7084352481","1",True,"4","198265","1158339@maruticrm.onmicrosoft.com","2025-11-18 12:02:42.631",NULL,"c1a6ac30-6ee4-42bd-b9b8-c2fc0bfce85f",NULL,NULL,"",""
"202325","ShefaliVerma","Shefali","Verma","Shefali","SV001158698@TechMahindra.com","9798377175","1",True,"4","198265","1158698@maruticrm.onmicrosoft.com","2025-11-18 12:02:43.094",NULL,"c1a6ac30-6ee4-42bd-b9b8-c2fc0bfce85f",NULL,NULL,"",""
"202326","KritikaSingh","Kritika","Singh","Kritika","KS001159020@TechMahindra.com","9821749691","1",True,"4","198265","1159020@maruticrm.onmicrosoft.com","2025-11-18 12:02:43.58",NULL,"c1a6ac30-6ee4-42bd-b9b8-c2fc0bfce85f",NULL,NULL,"",""
"202328","TarunYadav","Tarun","Yadav","Tarun","TY001159019@TechMahindra.com","7500730882","1",True,"4","198265","1159019@maruticrm.onmicrosoft.com","2025-11-18 12:02:44.631",NULL,"c1a6ac30-6ee4-42bd-b9b8-c2fc0bfce85f",NULL,NULL,"",""
"202330","GauravNauriyal","Gaurav","Nauriyal","Gaurav","GN001159641@TechMahindra.com","9311032156","1",True,"4","198265","1159641@maruticrm.onmicrosoft.com","2025-11-18 12:02:45.663",NULL,"c1a6ac30-6ee4-42bd-b9b8-c2fc0bfce85f",NULL,NULL,"",""
"202334",NULL,"Viksit","KumarRai","Viksit","vk001154835@techmahindra.com","6391182923","1",True,"4","198265","1154835@maruticrm.onmicrosoft.com","2025-11-18 12:05:51.05",NULL,"60f3db66-cacb-41d1-bf19-8330b9f24c96",NULL,NULL,NULL,NULL
"202331","PiyushSrivastava","Piyush","Srivastava","Piyush","PK001159643@TechMahindra.com","8182045381","1",True,"4","198265","1159643@maruticrm.onmicrosoft.com","2025-11-18 12:02:46.15",NULL,"c1a6ac30-6ee4-42bd-b9b8-c2fc0bfce85f",NULL,NULL,"",""
"202332","SwapnilTripathy","Swapnil","Tripathy","Swapnil","ST001159645@TechMahindra.com","8130916607","1",True,"4","198265","1159645@maruticrm.onmicrosoft.com","2025-11-18 12:02:46.615",NULL,"c1a6ac30-6ee4-42bd-b9b8-c2fc0bfce85f",NULL,NULL,"",""
"202333",NULL,"Kumkum","Kumari","Kumkum","KK001154660@techmahindra.com","9410083218","1",True,"4","198265","1154660@maruticrm.onmicrosoft.com","2025-11-18 12:03:45.832",NULL,"60f3db66-cacb-41d1-bf19-8330b9f24c96",NULL,NULL,NULL,NULL
"202594",NULL,"Shivani","Pal","Shivani","SP001158169@TechMahindra.com","9871437842","1",True,"4","198265","1158169@maruticrm.onmicrosoft.com","2025-11-18 12:21:46.348",NULL,"60f3db66-cacb-41d1-bf19-8330b9f24c96",NULL,NULL,NULL,NULL
"202589",NULL,"Shivam","Dixit","Shivam","Shivam.Dixit1@techmahindra.com","9136480993","1",True,"4","198265","989510@maruticrm.onmicrosoft.com","2025-11-18 12:10:28.398",NULL,"60f3db66-cacb-41d1-bf19-8330b9f24c96",NULL,NULL,NULL,NULL
"202592",NULL,"Renu","-","Renu","RX001158162@TechMahindra.com","8745990366","1",True,"4","198265","1158162@maruticrm.onmicrosoft.com","2025-11-18 12:18:41.394",NULL,"60f3db66-cacb-41d1-bf19-8330b9f24c96",NULL,NULL,NULL,NULL
"202593",NULL,"Deepanshu","Ahuja","Deepanshu","Deepanshu.Ahuja@techmahindra.com","8130910465","1",True,"4","198265","990049@maruticrm.onmicrosoft.com","2025-11-18 12:19:16.21",NULL,"60f3db66-cacb-41d1-bf19-8330b9f24c96",NULL,NULL,NULL,NULL
"202591",NULL,"Bikram","Biswal","Bikram","BK001153966@techmahindra.com","7847945352","1",True,"4","198265","1153966@maruticrm.onmicrosoft.com","2025-11-18 12:14:44.033",NULL,"60f3db66-cacb-41d1-bf19-8330b9f24c96",NULL,NULL,NULL,NULL
"202597",NULL,"Abhishek","Verma","Abhishek","AV001158371@TechMahindra.com","9955184712","1",True,"4","198265","1158371@maruticrm.onmicrosoft.com","2025-11-18 12:25:54.953",NULL,"c1a6ac30-6ee4-42bd-b9b8-c2fc0bfce85f",NULL,NULL,NULL,NULL
"198334",NULL,"P","Nithin","P","leadsmsil@in.startek.com","8096855427","1",True,"4","11647","81108557@maruticrm.onmicrosoft.com","2025-11-18 03:48:09.028",NULL,"d3d475af-3e47-4262-a2a8-096378e9685c",NULL,NULL,NULL,NULL
"202647",NULL,"Upendra","PrasadTiwari","Upendra","UP001157281@techmahindra.com","8977102852","1",True,"4","198265","1157281@maruticrm.onmicrosoft.com","2025-11-18 12:27:54.563",NULL,"60f3db66-cacb-41d1-bf19-8330b9f24c96",NULL,NULL,NULL,NULL
"198333",NULL,"Rachakonda","Priyanka","Rachakonda","leadsmsil@in.startek.com","6309534662","1",True,"4","11647","81108556@maruticrm.onmicrosoft.com","2025-11-18 03:45:10.185",NULL,"d3d475af-3e47-4262-a2a8-096378e9685c",NULL,NULL,NULL,NULL
"203232",NULL,"Rachit","Sharma","Rachit","RS001157280@techmahindra.com","8533842254","1",True,"4","198265","1157280@maruticrm.onmicrosoft.com","2025-11-18 12:31:37.397",NULL,"60f3db66-cacb-41d1-bf19-8330b9f24c96",NULL,NULL,NULL,NULL
"198335",NULL,"BBhavani","Suma","BBhavani","leadsmsil@in.startek.com","6301138714","1",True,"4","11647","81108558@maruticrm.onmicrosoft.com","2025-11-18 03:50:26.221",NULL,"d3d475af-3e47-4262-a2a8-096378e9685c",NULL,NULL,NULL,NULL
"198338",NULL,"BanuPrasad","Thota","BanuPrasad","leadsmsil@in.startek.com","7036956418","1",True,"4","11647","81108560@maruticrm.onmicrosoft.com","2025-11-18 03:54:41.287",NULL,"d3d475af-3e47-4262-a2a8-096378e9685c",NULL,NULL,NULL,NULL
"198337",NULL,"Kannam","Rakesh","Kannam","leadsmsil@in.startek.com","7093125371","1",True,"4","11647","81108559@maruticrm.onmicrosoft.com","2025-11-18 03:52:35.378",NULL,"d3d475af-3e47-4262-a2a8-096378e9685c",NULL,NULL,NULL,NULL
"198340",NULL,"ChiranjeeviAdithy","Pathro","ChiranjeeviAdithy","leadsmsil@in.startek.com","9505041228","1",True,"4","11647","81108562@maruticrm.onmicrosoft.com","2025-11-18 03:58:34.277",NULL,"d3d475af-3e47-4262-a2a8-096378e9685c",NULL,NULL,NULL,NULL
"198339",NULL,"Chekkilla","Sampath","Chekkilla","leadsmsil@in.startek.com","9390769893","1",True,"4","11647","81108561@maruticrm.onmicrosoft.com","2025-11-18 03:56:22.244",NULL,"d3d475af-3e47-4262-a2a8-096378e9685c",NULL,NULL,NULL,NULL
"198343",NULL,"Sandeep","Kumar","Sandeep","leadsmsil@in.startek.com","9441257662","1",True,"4","11647","81108574@maruticrm.onmicrosoft.com","2025-11-18 04:05:01.65",NULL,"d3d475af-3e47-4262-a2a8-096378e9685c",NULL,NULL,NULL,NULL
"198341",NULL,"G","Tarun","G","leadsmsil@in.startek.com","6304902133","1",True,"4","11647","81108571@maruticrm.onmicrosoft.com","2025-11-18 04:00:26.844",NULL,"d3d475af-3e47-4262-a2a8-096378e9685c",NULL,NULL,NULL,NULL
"198342",NULL,"Suma","Bedadha","Suma","leadsmsil@in.startek.com","8466806707","1",True,"4","11647","81108573@maruticrm.onmicrosoft.com","2025-11-18 04:03:05.475",NULL,"d3d475af-3e47-4262-a2a8-096378e9685c",NULL,NULL,NULL,NULL
"198347",NULL,"Sravani","Kola","Sravani","leadsmsil@in.startek.com","7095705960","1",True,"4","11647","81108577@maruticrm.onmicrosoft.com","2025-11-18 04:08:42.293",NULL,"d3d475af-3e47-4262-a2a8-096378e9685c",NULL,NULL,NULL,NULL
"198345",NULL,"Shaik","Zaheed","Shaik","leadsmsil@in.startek.com","9966506982","1",True,"4","11647","81108575@maruticrm.onmicrosoft.com","2025-11-18 04:06:50.78",NULL,"d3d475af-3e47-4262-a2a8-096378e9685c",NULL,NULL,NULL,NULL
"198357",NULL,"AnumariLokaveerachandra","prakash","AnumariLokaveerachandra","leadsmsil@in.startek.com","7661983082","1",True,"4","11647","81108609@maruticrm.onmicrosoft.com","2025-11-18 04:23:06.847",NULL,"d3d475af-3e47-4262-a2a8-096378e9685c",NULL,NULL,NULL,NULL
"198349",NULL,"Eerla","Usha","Eerla","leadsmsil@in.startek.com","9032901009","1",True,"4","11647","81108581@maruticrm.onmicrosoft.com","2025-11-18 04:12:39.786",NULL,"d3d475af-3e47-4262-a2a8-096378e9685c",NULL,NULL,NULL,NULL
"198350",NULL,"Danish","Ali","Danish","leadsmsil@in.startek.com","9704751472","1",True,"4","11647","81108591@maruticrm.onmicrosoft.com","2025-11-18 04:14:37.356",NULL,"d3d475af-3e47-4262-a2a8-096378e9685c",NULL,NULL,NULL,NULL
"198355",NULL,"Mohammed","Moizuddin","Mohammed","leadsmsil@in.startek.com","8464838723","1",True,"4","11647","81108605@maruticrm.onmicrosoft.com","2025-11-18 04:18:35.578",NULL,"d3d475af-3e47-4262-a2a8-096378e9685c",NULL,NULL,NULL,NULL
"198348",NULL,"KandlaguntaBaby","Srivalli","KandlaguntaBaby","leadsmsil@in.startek.com","7207018193","1",True,"4","11647","81108580@maruticrm.onmicrosoft.com","2025-11-18 04:11:01.915",NULL,"d3d475af-3e47-4262-a2a8-096378e9685c",NULL,NULL,NULL,NULL
"198354",NULL,"Afsha","Begum","Afsha","leadsmsil@in.startek.com","8639075281","1",True,"4","11647","81108604@maruticrm.onmicrosoft.com","2025-11-18 04:17:19.264",NULL,"d3d475af-3e47-4262-a2a8-096378e9685c",NULL,NULL,NULL,NULL
"198356",NULL,"ButtiHarsha","Vardhini","ButtiHarsha","leadsmsil@in.startek.com","7675974432","1",True,"4","11647","81108608@maruticrm.onmicrosoft.com","2025-11-18 04:21:06.982",NULL,"d3d475af-3e47-4262-a2a8-096378e9685c",NULL,NULL,NULL,NULL
"198358",NULL,"Garikapati","Tejaswini","Garikapati","leadsmsil@in.startek.com","7093951392","1",True,"4","198265","81108610@maruticrm.onmicrosoft.com","2025-11-18 04:24:52.781",NULL,"d3d475af-3e47-4262-a2a8-096378e9685c",NULL,NULL,NULL,NULL
"203532",NULL,"Pawan","Kumar","Pawan","PK001157275@techmahindra.com","9310379105","1",True,"4","198265","1157275@maruticrm.onmicrosoft.com","2025-11-18 12:34:35.132",NULL,"60f3db66-cacb-41d1-bf19-8330b9f24c96",NULL,NULL,NULL,NULL
"198360",NULL,"SeelamGayathri","Reddy","SeelamGayathri","leadsmsil@in.startek.com","7981220658","1",True,"4","11647","81108611@maruticrm.onmicrosoft.com","2025-11-18 04:44:07.743",NULL,"d3d475af-3e47-4262-a2a8-096378e9685c",NULL,NULL,NULL,NULL
"203612",NULL,"Nandani","NA","Nandani","NX001157274@techmahindra.com","8826172389","1",True,"4","198265","1157274@maruticrm.onmicrosoft.com","2025-11-18 12:36:50.711",NULL,"60f3db66-cacb-41d1-bf19-8330b9f24c96",NULL,NULL,NULL,NULL
"198365",NULL,"Abdul","Ayub","Abdul","leadsmsil@in.startek.com","9381029217","1",True,"4","11647","81107172@maruticrm.onmicrosoft.com","2025-11-18 04:53:08.314",NULL,"d3d475af-3e47-4262-a2a8-096378e9685c",NULL,NULL,NULL,NULL
"198362",NULL,"PothulaEshika","Yadav","PothulaEshika","leadsmsil@in.startek.com","9014020630","1",True,"4","11647","81107171@maruticrm.onmicrosoft.com","2025-11-18 04:49:11.421",NULL,"d3d475af-3e47-4262-a2a8-096378e9685c",NULL,NULL,NULL,NULL
"198363",NULL,"Boyala","Ashok","Boyala","leadsmsil@in.startek.com","9676253582","1",True,"4","11647","81107197@maruticrm.onmicrosoft.com","2025-11-18 04:51:17.875",NULL,"d3d475af-3e47-4262-a2a8-096378e9685c",NULL,NULL,NULL,NULL
"198366",NULL,"RobbiDivya","Deepika","RobbiDivya","leadsmsil@in.startek.com","8885758684","1",True,"4","11647","81107301@maruticrm.onmicrosoft.com","2025-11-18 04:55:09.593",NULL,"d3d475af-3e47-4262-a2a8-096378e9685c",NULL,NULL,NULL,NULL
"198423",NULL,"Vikas","Verma","Vikas","VV001156551@techmahindra.com","8471099237","1",True,"4","198265","1156551@maruticrm.onmicrosoft.com","2025-11-18 07:25:19.072",NULL,"60f3db66-cacb-41d1-bf19-8330b9f24c96",NULL,NULL,NULL,NULL
"203833",NULL,"Namrita","Shrivastav","Namrita","NS001157282@techmahindra.com","9120567176","1",True,"4","198265","1157282@maruticrm.onmicrosoft.com","2025-11-18 12:38:57.178",NULL,"60f3db66-cacb-41d1-bf19-8330b9f24c96",NULL,NULL,NULL,NULL
"198398",NULL,"BiradarVijay","kumar","BiradarVijay","leadsmsil@in.startek.com","8801753146","1",True,"4","11647","81107176@maruticrm.onmicrosoft.com","2025-11-18 05:37:40.873",NULL,"d3d475af-3e47-4262-a2a8-096378e9685c",NULL,NULL,NULL,NULL
"198430",NULL,"Sumit","Verma","Sumit","SV00902348@TechMahindra.com","9540696084","1",True,"4","198265","902348@maruticrm.onmicrosoft.com","2025-11-18 07:39:11.125",NULL,"60f3db66-cacb-41d1-bf19-8330b9f24c96",NULL,NULL,NULL,"Male"
"198424",NULL,"Bipen","Kumar","Bipen","BK00805776@TechMahindra.com","9818557460","1",True,"4","198265","805776@maruticrm.onmicrosoft.com","2025-11-18 07:27:20.094",NULL,"60f3db66-cacb-41d1-bf19-8330b9f24c96",NULL,NULL,NULL,NULL
"198425",NULL,"Himanshi","Negi","Himanshi","HN00907762@TechMahindra.com","9891578554","1",True,"4","198265","907762@maruticrm.onmicrosoft.com","2025-11-18 07:29:23.759",NULL,"60f3db66-cacb-41d1-bf19-8330b9f24c96",NULL,NULL,NULL,"Male"
"198427",NULL,"Achyuth","Kumar","Achyuth","JJ00942882@TechMahindra.com","7305281259","1",True,"4","198265","688722@maruticrm.onmicrosoft.com","2025-11-18 07:34:28.465",NULL,"60f3db66-cacb-41d1-bf19-8330b9f24c96",NULL,NULL,NULL,"Male"
"198429",NULL,"Kiran","K","Kiran","KIRAN._16@TechMahindra.com","9560841522","1",True,"4","198265","989320@maruticrm.onmicrosoft.com","2025-11-18 07:36:34.594",NULL,"60f3db66-cacb-41d1-bf19-8330b9f24c96",NULL,NULL,NULL,"Male"
"198435",NULL,"Jemila","-","Jemila","JJ00942882@TechMahindra.com","9176317755","1",True,"4","198265","942882@maruticrm.onmicrosoft.com","2025-11-18 07:52:34.42",NULL,"60f3db66-cacb-41d1-bf19-8330b9f24c96",NULL,NULL,NULL,"Female"
"198434",NULL,"Rajat","Sharma","Rajat","RS00929108@TechMahindra.com","7834854308","1",True,"4","198265","929108@maruticrm.onmicrosoft.com","2025-11-18 07:49:33.045",NULL,"60f3db66-cacb-41d1-bf19-8330b9f24c96",NULL,NULL,NULL,"Male"
"198432",NULL,"Hassan","Fareed","Hassan","HF00999065@techmahindra.com","7550285549","1",True,"4","198265","999065@maruticrm.onmicrosoft.com","2025-11-18 07:41:42.141",NULL,"60f3db66-cacb-41d1-bf19-8330b9f24c96",NULL,NULL,NULL,"Male"
"198433",NULL,"Karthikeyan","-","Karthikeyan","KD001154857@techmahindra.com","7550240382","1",True,"4","198265","1154857@maruticrm.onmicrosoft.com","2025-11-18 07:46:52.994",NULL,"60f3db66-cacb-41d1-bf19-8330b9f24c96",NULL,NULL,NULL,"Male"
"198436",NULL,"M","Aiswarya","M","MA001156804@techmahindra.com","6382300829","1",True,"4","198265","1156804@maruticrm.onmicrosoft.com","2025-11-18 07:54:35.246",NULL,"60f3db66-cacb-41d1-bf19-8330b9f24c96",NULL,NULL,NULL,NULL
"198437",NULL,"Sujith","S","Sujith","SS001156803@techmahindra.com","9043430206","1",True,"4","198265","1156803@maruticrm.onmicrosoft.com","2025-11-18 08:01:12.786",NULL,"60f3db66-cacb-41d1-bf19-8330b9f24c96",NULL,NULL,NULL,NULL
"198438",NULL,"Harini","D","Harini","HD001156801@techmahindra.com","6374419104","1",True,"4","198265","1156801@maruticrm.onmicrosoft.com","2025-11-18 08:03:28.18",NULL,"60f3db66-cacb-41d1-bf19-8330b9f24c96",NULL,NULL,NULL,NULL
"198480","VijayakumarSekar","Vijayakumar","Sekar","Vijayakumar","VS001156792@techmahindra.com","6379798882","1",True,"4","198265","1156792@maruticrm.onmicrosoft.com","2025-11-18 09:22:46.319",NULL,"c1a6ac30-6ee4-42bd-b9b8-c2fc0bfce85f",NULL,NULL,"",""
"198444",NULL,"Jayothi","J","Jayothi","JL001156797@techmahindra.com","8072971804","1",True,"4","198265","1156797@maruticrm.onmicrosoft.com","2025-11-18 08:11:04.374",NULL,"60f3db66-cacb-41d1-bf19-8330b9f24c96",NULL,NULL,NULL,NULL
"204164",NULL,"Mahima","Shrivastav","Mahima","MS001157278@techmahindra.com","7275284528","1",True,"4","198265","1157278@maruticrm.onmicrosoft.com","2025-11-18 12:41:06.344",NULL,"60f3db66-cacb-41d1-bf19-8330b9f24c96",NULL,NULL,NULL,NULL
"198486","PreetiKumari","Preeti","Kumari","Preeti","PK001154245@TechMahindra.com","9557570087","1",True,"4","198265","1154245@maruticrm.onmicrosoft.com","2025-11-18 09:22:49.014",NULL,"c1a6ac30-6ee4-42bd-b9b8-c2fc0bfce85f",NULL,NULL,"",""
"198487","MansiSingh","Mansi","Singh","Mansi","MS001153954@TechMahindra.com","7065412482","1",True,"4","198265","1153954@maruticrm.onmicrosoft.com","2025-11-18 09:22:49.517",NULL,"c1a6ac30-6ee4-42bd-b9b8-c2fc0bfce85f",NULL,NULL,"",""
"198488","Antra-","Antra","-","Antra","AX001154253@TechMahindra.com","9289854596","1",True,"4","198265","1154253@maruticrm.onmicrosoft.com","2025-11-18 09:22:49.979",NULL,"c1a6ac30-6ee4-42bd-b9b8-c2fc0bfce85f",NULL,NULL,"",""
"198489","MohitSingh","Mohit","Singh","Mohit","MS001154197@TechMahindra.com","9354742817","1",True,"4","198265","1154197@maruticrm.onmicrosoft.com","2025-11-18 09:22:50.739",NULL,"c1a6ac30-6ee4-42bd-b9b8-c2fc0bfce85f",NULL,NULL,"",""
"198490","AjantaRahul","Ajanta","Rahul","Ajanta","AR001154854@TechMahindra.com","9528491274","1",True,"4","198265","1154854@maruticrm.onmicrosoft.com","2025-11-18 09:22:51.155",NULL,"c1a6ac30-6ee4-42bd-b9b8-c2fc0bfce85f",NULL,NULL,"",""
"198491","HrithikSaha","Hrithik","Saha","Hrithik","HS001154589@TechMahindra.com","9990984072","1",True,"4","198265","1154589@maruticrm.onmicrosoft.com","2025-11-18 09:22:51.556",NULL,"c1a6ac30-6ee4-42bd-b9b8-c2fc0bfce85f",NULL,NULL,"",""
"198492","DebasmitaDutta","Debasmita","Dutta","Debasmita","DD001154587@TechMahindra.com","7011845806","1",True,"4","198265","1154587@maruticrm.onmicrosoft.com","2025-11-18 09:22:51.979",NULL,"c1a6ac30-6ee4-42bd-b9b8-c2fc0bfce85f",NULL,NULL,"",""
"198493","KaveriHalder","Kaveri","Halder","Kaveri","KH001155024@TechMahindra.com","9354834015","1",True,"4","198265","1155024@maruticrm.onmicrosoft.com","2025-11-18 09:22:52.378",NULL,"c1a6ac30-6ee4-42bd-b9b8-c2fc0bfce85f",NULL,NULL,"",""
"198439",NULL,"Lam","Thambi","Lam","LK001156800@techmahindra.com","7013195191","1",True,"4","198265","1156800@maruticrm.onmicrosoft.com","2025-11-18 08:06:25.362",NULL,"60f3db66-cacb-41d1-bf19-8330b9f24c96",NULL,NULL,NULL,"Male"
"198441",NULL,"Vayyavuru","Prathap","Vayyavuru","VP001156799@techmahindra.com","9014092738","1",True,"4","198265","1156799@maruticrm.onmicrosoft.com","2025-11-18 08:09:18.608",NULL,"60f3db66-cacb-41d1-bf19-8330b9f24c96",NULL,NULL,NULL,NULL
"198459","AbhijetKumar","Abhijet","Kumar","Abhijet","AO001154261@TechMahindra.com","9773727044","1",True,"4","198265","1154261@maruticrm.onmicrosoft.com","2025-11-18 09:00:04.927",NULL,"c1a6ac30-6ee4-42bd-b9b8-c2fc0bfce85f",NULL,NULL,"",""
"198494","DevendraKumar","Devendra","Kumar","Devendra","DK001154837@TechMahindra.com","9756566013","1",True,"4","198265","1154837@maruticrm.onmicrosoft.com","2025-11-18 09:22:52.802",NULL,"c1a6ac30-6ee4-42bd-b9b8-c2fc0bfce85f",NULL,NULL,"",""
"198495","NarayanaNadapana","Narayana","Nadapana","Narayana","NN00989344@techmahindra.com","9679196802","1",True,"4","198265","989344@maruticrm.onmicrosoft.com","2025-11-18 09:22:53.219",NULL,"c1a6ac30-6ee4-42bd-b9b8-c2fc0bfce85f",NULL,NULL,"",""
"198481","VishalChaudhary","Vishal","Chaudhary","Vishal","VC001153949@TechMahindra.com","9675059019","1",True,"4","198265","1153949@maruticrm.onmicrosoft.com","2025-11-18 09:22:46.762",NULL,"c1a6ac30-6ee4-42bd-b9b8-c2fc0bfce85f",NULL,NULL,"",""
"198482","AvinashDubey","Avinash","Dubey","Avinash","AD001153947@TechMahindra.com","7080357615","1",True,"4","198265","1153947@maruticrm.onmicrosoft.com","2025-11-18 09:22:47.237",NULL,"c1a6ac30-6ee4-42bd-b9b8-c2fc0bfce85f",NULL,NULL,"",""
"198479","PreethiA","Preethi","A","Preethi","PA001156794@techmahindra.com","8220814427","1",True,"4","198265","1156794@maruticrm.onmicrosoft.com","2025-11-18 09:22:44.277",NULL,"c1a6ac30-6ee4-42bd-b9b8-c2fc0bfce85f",NULL,NULL,"",""
"198483","Rahul-","Rahul","-","Rahul","RX001153960@TechMahindra.com","9582302337","1",True,"4","198265","1153960@maruticrm.onmicrosoft.com","2025-11-18 09:22:47.673",NULL,"c1a6ac30-6ee4-42bd-b9b8-c2fc0bfce85f",NULL,NULL,"",""
"198484","SatyaYadav","Satya","Yadav","Satya","SY001154246@TechMahindra.com","8468027252","1",True,"4","198265","1154246@maruticrm.onmicrosoft.com","2025-11-18 09:22:48.133",NULL,"c1a6ac30-6ee4-42bd-b9b8-c2fc0bfce85f",NULL,NULL,"",""
"198485","Khushi-","Khushi","-","Khushi","KX001153962@TechMahindra.com","8287432510","1",True,"4","198265","1153962@maruticrm.onmicrosoft.com","2025-11-18 09:22:48.576",NULL,"c1a6ac30-6ee4-42bd-b9b8-c2fc0bfce85f",NULL,NULL,"",""
"198515",NULL,"Kritika","Vishwakarma","Kritika","KV001153945@TechMahindra.com","9555366273","1",True,"4","198265","1153945@maruticrm.onmicrosoft.com","2025-11-18 10:22:10.303",NULL,"c1a6ac30-6ee4-42bd-b9b8-c2fc0bfce85f",NULL,NULL,NULL,NULL
"198513",NULL,"Arshita","Grover","Arshita","AG001154230@TechMahindra.com","8791320053","1",True,"4","198265","1154230@maruticrm.onmicrosoft.com","2025-11-18 10:19:44.366",NULL,"c1a6ac30-6ee4-42bd-b9b8-c2fc0bfce85f",NULL,NULL,NULL,NULL
"198516",NULL,"Shobana","V","Shobana","SV001156796@techmahindra.com","7358503273","1",True,"4","198265","1156796@maruticrm.onmicrosoft.com","2025-11-18 10:25:16.753",NULL,"60f3db66-cacb-41d1-bf19-8330b9f24c96",NULL,NULL,NULL,NULL
"198522",NULL,"Vignesh","V","Vignesh","VV001156866@techmahindra.com","9384425093","1",True,"4","198265","1156866@maruticrm.onmicrosoft.com","2025-11-18 10:32:07.14",NULL,"60f3db66-cacb-41d1-bf19-8330b9f24c96",NULL,NULL,NULL,NULL
"198520",NULL,"Rahul","Kanna","Rahul","RK001156865@techmahindra.com","9566124274","1",True,"4","198265","1156865@maruticrm.onmicrosoft.com","2025-11-18 10:29:46.124",NULL,"60f3db66-cacb-41d1-bf19-8330b9f24c96",NULL,NULL,NULL,NULL
"198524",NULL,"Babita","Bisht","Babita","BX001159995@TechMahindra.com","8368663451","1",True,"4","198265","1159995@maruticrm.onmicrosoft.com","2025-11-18 10:34:29.633",NULL,"c1a6ac30-6ee4-42bd-b9b8-c2fc0bfce85f",NULL,NULL,NULL,NULL
"198528",NULL,"Satyam","Jaiswal","Satyam","SJ001159996@TechMahindra.com","9569963887","1",True,"4","198265","1159996@maruticrm.onmicrosoft.com","2025-11-18 10:36:46.522",NULL,"c1a6ac30-6ee4-42bd-b9b8-c2fc0bfce85f",NULL,NULL,NULL,NULL
"198527",NULL,"Mohamed","M","Mohamed","MM001156868@techmahindra.com","9003123909","1",True,"4","198265","1156868@maruticrm.onmicrosoft.com","2025-11-18 10:35:33.799",NULL,"60f3db66-cacb-41d1-bf19-8330b9f24c96",NULL,NULL,NULL,NULL
"198539",NULL,"Sangamithra","G","Sangamithra","SR001156873@techmahindra.com","9344658860","1",True,"4","198265","1156873@maruticrm.onmicrosoft.com","2025-11-18 10:42:03.221",NULL,"60f3db66-cacb-41d1-bf19-8330b9f24c96",NULL,NULL,NULL,NULL
"198533",NULL,"Sushmita","Chowdhury","Sushmita","SR001159922@TechMahindra.com","8076157329","1",True,"4","198265","1159922@maruticrm.onmicrosoft.com","2025-11-18 10:38:57.024",NULL,"c1a6ac30-6ee4-42bd-b9b8-c2fc0bfce85f",NULL,NULL,NULL,NULL
"198536",NULL,"Akash","S","Akash","AS001156872@techmahindra.com","8124990248","1",True,"4","198265","1156872@maruticrm.onmicrosoft.com","2025-11-18 10:39:42.866",NULL,"60f3db66-cacb-41d1-bf19-8330b9f24c96",NULL,NULL,NULL,NULL
"198538",NULL,"Anchal","Gupta","Anchal","AG001160070@TechMahindra.com","9389997309","1",True,"4","198265","1160070@maruticrm.onmicrosoft.com","2025-11-18 10:41:30.757",NULL,"c1a6ac30-6ee4-42bd-b9b8-c2fc0bfce85f",NULL,NULL,NULL,NULL
"198529",NULL,"Mahendran","P","Mahendran","MP001156870@techmahindra.com","9790275153","1",True,"4","198265","1156870@maruticrm.onmicrosoft.com","2025-11-18 10:37:27.243",NULL,"60f3db66-cacb-41d1-bf19-8330b9f24c96",NULL,NULL,NULL,NULL
"198543",NULL,"Keerthana","K","Keerthana","KK001156842@techmahindra.com","7397227623","1",True,"4","198265","1156842@maruticrm.onmicrosoft.com","2025-11-18 10:48:24.415",NULL,"60f3db66-cacb-41d1-bf19-8330b9f24c96",NULL,NULL,NULL,NULL
"198541",NULL,"Ashika","K","Ashika","AR001156844@techmahindra.com","9578121316","1",True,"4","198265","1156844@maruticrm.onmicrosoft.com","2025-11-18 10:45:53.642",NULL,"60f3db66-cacb-41d1-bf19-8330b9f24c96",NULL,NULL,NULL,NULL
"198552","KashishSharma","Kashish","Sharma","Kashish","KS001160069@TechMahindra.com","9341729708","1",True,"4","198265","1160069@maruticrm.onmicrosoft.com","2025-11-18 10:48:46.963",NULL,"c1a6ac30-6ee4-42bd-b9b8-c2fc0bfce85f",NULL,NULL,"",""
"198553","YashSharma","Yash","Sharma","Yash","YS001159999@TechMahindra.com","9634880729","1",True,"4","198265","1159999@maruticrm.onmicrosoft.com","2025-11-18 10:48:47.425",NULL,"c1a6ac30-6ee4-42bd-b9b8-c2fc0bfce85f",NULL,NULL,"",""
"198544","GunjanSharma","Gunjan","Sharma","Gunjan","GS001159923@TechMahindra.com","8742908260","1",True,"4","198265","1159923@maruticrm.onmicrosoft.com","2025-11-18 10:48:43.313",NULL,"c1a6ac30-6ee4-42bd-b9b8-c2fc0bfce85f",NULL,NULL,"",""
"198554","ShresthaVerma","Shrestha","Verma","Shrestha","SV001159985@TechMahindra.com","8279543285","1",True,"4","198265","1159985@maruticrm.onmicrosoft.com","2025-11-18 10:48:47.825",NULL,"c1a6ac30-6ee4-42bd-b9b8-c2fc0bfce85f",NULL,NULL,"",""
"198555",NULL,"Karthikeyan","_","Karthikeyan","KX001156840@techmahindra.com","6374096726","1",True,"4","198265","1156840@maruticrm.onmicrosoft.com","2025-11-18 10:51:06.332",NULL,"60f3db66-cacb-41d1-bf19-8330b9f24c96",NULL,NULL,NULL,NULL
"198545","AnkitaSingh","Ankita","Singh","Ankita","AS001160001@TechMahindra.com","9315652780","1",True,"4","198265","1160001@maruticrm.onmicrosoft.com","2025-11-18 10:48:43.823",NULL,"c1a6ac30-6ee4-42bd-b9b8-c2fc0bfce85f",NULL,NULL,"",""
"198551","HarshRathi","Harsh","Rathi","Harsh","HR001159997@TechMahindra.com","9627800307","1",True,"4","198265","1159997@maruticrm.onmicrosoft.com","2025-11-18 10:48:46.522",NULL,"c1a6ac30-6ee4-42bd-b9b8-c2fc0bfce85f",NULL,NULL,"",""
"198546","NikhilChauhan","Nikhil","Chauhan","Nikhil","NC001159924@TechMahindra.com","9971506961","1",True,"4","198265","1159924@maruticrm.onmicrosoft.com","2025-11-18 10:48:44.301",NULL,"c1a6ac30-6ee4-42bd-b9b8-c2fc0bfce85f",NULL,NULL,"",""
"198547","VivekKumar","Vivek","Kumar","Vivek","VK001159925@TechMahindra.com","7906675134","1",True,"4","198265","1159925@maruticrm.onmicrosoft.com","2025-11-18 10:48:44.744",NULL,"c1a6ac30-6ee4-42bd-b9b8-c2fc0bfce85f",NULL,NULL,"",""
"198548","MohammadKaif","Mohammad","Kaif","Mohammad","MK001159972@TechMahindra.com","8126701235","1",True,"4","198265","1159972@maruticrm.onmicrosoft.com","2025-11-18 10:48:45.167",NULL,"c1a6ac30-6ee4-42bd-b9b8-c2fc0bfce85f",NULL,NULL,"",""
"198557",NULL,"Divya","L","Divya","DL001156838@techmahindra.com","8428600160","1",True,"4","198265","1156838@maruticrm.onmicrosoft.com","2025-11-18 10:54:54.911",NULL,"60f3db66-cacb-41d1-bf19-8330b9f24c96",NULL,NULL,NULL,NULL
"198549","SubhraDas","Subhra","Das","Subhra","SD001160066@TechMahindra.com","7903195187","1",True,"4","198265","1160066@maruticrm.onmicrosoft.com","2025-11-18 10:48:45.621",NULL,"c1a6ac30-6ee4-42bd-b9b8-c2fc0bfce85f",NULL,NULL,"",""
"198560",NULL,"Sahana","-","Sahana","SX001156834@techmahindra.com","9740253102","1",True,"4","198265","1156834@maruticrm.onmicrosoft.com","2025-11-18 10:58:00.249",NULL,"60f3db66-cacb-41d1-bf19-8330b9f24c96",NULL,NULL,NULL,NULL
"198550","BhanuPratap","Bhanu","Pratap","Bhanu","BP001159974@TechMahindra.com","8433008418","1",True,"4","198265","1159974@maruticrm.onmicrosoft.com","2025-11-18 10:48:46.065",NULL,"c1a6ac30-6ee4-42bd-b9b8-c2fc0bfce85f",NULL,NULL,"",""
"198568",NULL,"Kanagani","Sivasankara","Kanagani","KS001156828@techmahindra.com","8688240198","1",True,"4","198265","1156828@maruticrm.onmicrosoft.com","2025-11-18 11:06:46.309",NULL,"60f3db66-cacb-41d1-bf19-8330b9f24c96",NULL,NULL,NULL,NULL
"198562",NULL,"Gokul","Pillai","Gokul","GP001156832@techmahindra.com","9544121574","1",True,"4","198265","1156832@maruticrm.onmicrosoft.com","2025-11-18 11:00:43.033",NULL,"60f3db66-cacb-41d1-bf19-8330b9f24c96",NULL,NULL,NULL,NULL
"198565",NULL,"Pooja","R","Pooja","PE001156829@techmahindra.com","9746754554","1",True,"4","198265","1156829@maruticrm.onmicrosoft.com","2025-11-18 11:04:45.848",NULL,"60f3db66-cacb-41d1-bf19-8330b9f24c96",NULL,NULL,NULL,NULL
"198564",NULL,"Kancherla","Chowdary","Kancherla","KA001156830@techmahindra.com","8886892584","1",True,"4","198265","1156830@maruticrm.onmicrosoft.com","2025-11-18 11:02:36.287",NULL,"60f3db66-cacb-41d1-bf19-8330b9f24c96",NULL,NULL,NULL,NULL
"198577","AayushiSen","Aayushi","Sen","Aayushi","AS001156234@techmahindra.com","9193086632","1",True,"4","198265","1156234@maruticrm.onmicrosoft.com","2025-11-18 11:12:35.064",NULL,"c1a6ac30-6ee4-42bd-b9b8-c2fc0bfce85f",NULL,NULL,"",""
"198569",NULL,"Rounak","Tandan","Rounak","RT001154249@techmahindra.com","7800473373","1",True,"4","198265","1154249@maruticrm.onmicrosoft.com","2025-11-18 11:08:50.658",NULL,"60f3db66-cacb-41d1-bf19-8330b9f24c96",NULL,NULL,NULL,NULL
"198581","MdKaif","Md","Kaif","Md","MK001155951@Techmahindra.com","8228809713","1",True,"4","198265","1155951@maruticrm.onmicrosoft.com","2025-11-18 11:12:37.078",NULL,"c1a6ac30-6ee4-42bd-b9b8-c2fc0bfce85f",NULL,NULL,"",""
"198583","KaranNA","Karan","NA","Karan","KX001155947@Techmahindra.com","7357740963","1",True,"4","198265","1155947@maruticrm.onmicrosoft.com","2025-11-18 11:12:38.02",NULL,"c1a6ac30-6ee4-42bd-b9b8-c2fc0bfce85f",NULL,NULL,"",""
"198578","SandeeptaSethi","Sandeepta","Sethi","Sandeepta","SS001155959@Techmahindra.com","8447228861","1",True,"4","198265","1155959@maruticrm.onmicrosoft.com","2025-11-18 11:12:35.504",NULL,"c1a6ac30-6ee4-42bd-b9b8-c2fc0bfce85f",NULL,NULL,"",""
"198582","ShivNagar","Shiv","Nagar","Shiv","SN001155943@Techmahindra.com","8354832465","1",True,"4","198265","1155943@maruticrm.onmicrosoft.com","2025-11-18 11:12:37.571",NULL,"c1a6ac30-6ee4-42bd-b9b8-c2fc0bfce85f",NULL,NULL,"",""
"198579","PrabhakarKumar","Prabhakar","Kumar","Prabhakar","PK001155944@Techmahindra.com","9871582281","1",True,"4","198265","1155944@maruticrm.onmicrosoft.com","2025-11-18 11:12:35.972",NULL,"c1a6ac30-6ee4-42bd-b9b8-c2fc0bfce85f",NULL,NULL,"",""
"198584","GarimaMarodia","Garima","Marodia","Garima","GM001156535@techmahindra.com","8471087321","1",True,"4","198265","1156535@maruticrm.onmicrosoft.com","2025-11-18 11:12:38.452",NULL,"c1a6ac30-6ee4-42bd-b9b8-c2fc0bfce85f",NULL,NULL,"",""
"198585","JogindraSingh","Jogindra","Singh","Jogindra","JS001156532@techmahindra.com","9625132724","1",True,"4","198265","1156532@maruticrm.onmicrosoft.com","2025-11-18 11:12:38.866",NULL,"c1a6ac30-6ee4-42bd-b9b8-c2fc0bfce85f",NULL,NULL,"",""
"198586","MonikaGusain","Monika","Gusain","Monika","MG001156531@techmahindra.com","9899885693","1",True,"4","198265","1156531@maruticrm.onmicrosoft.com","2025-11-18 11:12:39.267",NULL,"c1a6ac30-6ee4-42bd-b9b8-c2fc0bfce85f",NULL,NULL,"",""
"198571","HarshitSingh","Harshit","Singh","Harshit","HS001160000@TechMahindra.com","8542880011","1",True,"4","198265","1160000@maruticrm.onmicrosoft.com","2025-11-18 11:12:32.159",NULL,"c1a6ac30-6ee4-42bd-b9b8-c2fc0bfce85f",NULL,NULL,"",""
"198587","ReenuPasi","Reenu","Pasi","Reenu","RP001156533@techmahindra.com","9997943771","1",True,"4","198265","1156533@maruticrm.onmicrosoft.com","2025-11-18 11:12:39.932",NULL,"c1a6ac30-6ee4-42bd-b9b8-c2fc0bfce85f",NULL,NULL,"",""
"198588",NULL,"Sharmila","S","Sharmila","SS001156836@techmahindra.com","9036152793","1",True,"4","198265","1156836@maruticrm.onmicrosoft.com","2025-11-18 11:13:57.829",NULL,"60f3db66-cacb-41d1-bf19-8330b9f24c96",NULL,NULL,NULL,NULL
"198572","VishalVarshney","Vishal","Varshney","Vishal","VV001155948@Techmahindra.com","7701998788","1",True,"4","198265","1155948@maruticrm.onmicrosoft.com","2025-11-18 11:12:32.831",NULL,"c1a6ac30-6ee4-42bd-b9b8-c2fc0bfce85f",NULL,NULL,"",""
"198573","BhawanaTomar","Bhawana","Tomar","Bhawana","BT001155955@Techmahindra.com","7300989355","1",True,"4","198265","1155955@maruticrm.onmicrosoft.com","2025-11-18 11:12:33.386",NULL,"c1a6ac30-6ee4-42bd-b9b8-c2fc0bfce85f",NULL,NULL,"",""
"198574","LaxmiSharma","Laxmi","Sharma","Laxmi","LS001155942@TechMahindra.com","7668257883","1",True,"4","198265","1155942@maruticrm.onmicrosoft.com","2025-11-18 11:12:33.758",NULL,"c1a6ac30-6ee4-42bd-b9b8-c2fc0bfce85f",NULL,NULL,"",""
"198575","YashwantKumar","Yashwant","Kumar","Yashwant","YK001155949@Techmahindra.com","8252432754","1",True,"4","198265","1155949@maruticrm.onmicrosoft.com","2025-11-18 11:12:34.179",NULL,"c1a6ac30-6ee4-42bd-b9b8-c2fc0bfce85f",NULL,NULL,"",""
"198591",NULL,"Nayanshi","Chowdhary","Nayanshi","NC001154269@techmahindra.com","6399747189","1",True,"4","198265","1154269@maruticrm.onmicrosoft.com","2025-11-18 11:14:53.024",NULL,"60f3db66-cacb-41d1-bf19-8330b9f24c96",NULL,NULL,NULL,NULL
"198576","AnuragMalik","Anurag","Malik","Anurag","AM001156530@techmahindra.com","9027129102","1",True,"4","198265","1156530@maruticrm.onmicrosoft.com","2025-11-18 11:12:34.646",NULL,"c1a6ac30-6ee4-42bd-b9b8-c2fc0bfce85f",NULL,NULL,"",""
"198592",NULL,"Shriraajprabhu","-","Shriraajprabhu","SX001156845@techmahindra.com","9962795859","1",True,"4","198265","1156845@maruticrm.onmicrosoft.com","2025-11-18 11:16:54.959",NULL,"60f3db66-cacb-41d1-bf19-8330b9f24c96",NULL,NULL,NULL,NULL
"198580","SahilNA","Sahil","NA","Sahil","SX001155953@Techmahindra.com","9873578053","1",True,"4","198265","1155953@maruticrm.onmicrosoft.com","2025-11-18 11:12:36.404",NULL,"c1a6ac30-6ee4-42bd-b9b8-c2fc0bfce85f",NULL,NULL,"",""
"198593",NULL,"Riya","Mishra","Riya","RM001154255@techmahindra.com","9569324198","1",True,"4","198265","1154255@maruticrm.onmicrosoft.com","2025-11-18 11:17:33.585",NULL,"60f3db66-cacb-41d1-bf19-8330b9f24c96",NULL,NULL,NULL,NULL
"198962",NULL,"Sankaran","A","Sankaran","SA001156849@techmahindra.com","9884154889","1",True,"4","198265","1156849@maruticrm.onmicrosoft.com","2025-11-18 11:22:36.244",NULL,"60f3db66-cacb-41d1-bf19-8330b9f24c96",NULL,NULL,NULL,NULL
"204546",NULL,"Gaurav","Wadhwa","Gaurav","GW001157279@techmahindra.com","8979956328","1",True,"4","198265","1157279@maruticrm.onmicrosoft.com","2025-11-18 12:43:43.808",NULL,"60f3db66-cacb-41d1-bf19-8330b9f24c96",NULL,NULL,NULL,NULL
"198712",NULL,"Saimathi","Siva","Saimathi","SS001156847@techmahindra.com","8939248146","1",True,"4","198265","1156847@maruticrm.onmicrosoft.com","2025-11-18 11:20:32.659",NULL,"60f3db66-cacb-41d1-bf19-8330b9f24c96",NULL,NULL,NULL,NULL
"204643",NULL,"Rahul","Tomar","Rahul","RT001157799@techmahindra.com","9873621919","1",True,"4","198265","1157799@maruticrm.onmicrosoft.com","2025-11-18 12:45:40.424",NULL,"60f3db66-cacb-41d1-bf19-8330b9f24c96",NULL,NULL,NULL,NULL
"198803",NULL,"Pratyush","Parashar","Pratyush","PP001154257@techmahindra.com","7717767057","1",True,"4","198265","1154257@maruticrm.onmicrosoft.com","2025-11-18 11:21:23.506",NULL,"60f3db66-cacb-41d1-bf19-8330b9f24c96",NULL,NULL,NULL,NULL
"198643",NULL,"Roohul","Ameen","Roohul","RA001154256@techmahindra.com","8448565613","1",True,"4","198265","1154256@maruticrm.onmicrosoft.com","2025-11-18 11:19:23.29",NULL,"60f3db66-cacb-41d1-bf19-8330b9f24c96",NULL,NULL,NULL,NULL
"198821",NULL,"Mohd","Khalid","Mohd","MOHD.KHALID@TechMahindra.com","9506594780","1",True,"4","198265","998005@maruticrm.onmicrosoft.com","2025-11-18 11:21:34.454",NULL,"c1a6ac30-6ee4-42bd-b9b8-c2fc0bfce85f",NULL,NULL,NULL,NULL
"204644",NULL,"Vishal","Gupta","Vishal","VG001157635@techmahindra.com","7400580091","1",True,"4","198265","1157635@maruticrm.onmicrosoft.com","2025-11-18 12:48:00.901",NULL,"60f3db66-cacb-41d1-bf19-8330b9f24c96",NULL,NULL,NULL,NULL
"204647",NULL,"Mohd","Faiz","Mohd","MF001157631@techmahindra.com","8512819386","1",True,"4","198265","1157631@maruticrm.onmicrosoft.com","2025-11-18 12:53:48.621",NULL,"60f3db66-cacb-41d1-bf19-8330b9f24c96",NULL,NULL,NULL,NULL
"204645",NULL,"Mayank","Shrivastav","Mayank","MS001157652@techmahindra.com","8236022545","1",True,"4","198265","1157652@maruticrm.onmicrosoft.com","2025-11-18 12:51:48.93",NULL,"60f3db66-cacb-41d1-bf19-8330b9f24c96",NULL,NULL,NULL,NULL
"199252",NULL,"Vikas","Yadav","Vikas","VIKAS.YADAV29@TechMahindra.com","9205978703","1",True,"4","198265","984335@maruticrm.onmicrosoft.com","2025-11-18 11:24:26.828",NULL,"c1a6ac30-6ee4-42bd-b9b8-c2fc0bfce85f",NULL,NULL,NULL,NULL
"204646",NULL,"Sapna","Kumari","Sapna","SK001154247@TechMahindra.com","7302708656","1",True,"4","198265","1154247@maruticrm.onmicrosoft.com","2025-11-18 12:53:26.257",NULL,"60f3db66-cacb-41d1-bf19-8330b9f24c96",NULL,NULL,NULL,NULL
"204652",NULL,"Anmol","Panday","Anmol","AP001158696@TechMahindra.com","9999999999","1",True,"4","198265","1158696@maruticrm.onmicrosoft.com","2025-11-18 12:57:09.827",NULL,"60f3db66-cacb-41d1-bf19-8330b9f24c96",NULL,NULL,NULL,NULL
"204654",NULL,"Hema","Bisht","Hema","HB001157605@techmahindra.com","7303129030","1",True,"4","198265","1157605@maruticrm.onmicrosoft.com","2025-11-18 12:59:25.888",NULL,"60f3db66-cacb-41d1-bf19-8330b9f24c96",NULL,NULL,NULL,NULL
"199314",NULL,"Piyush","Gupta","Piyush","PG001154248@techmahindra.com","6395804042","1",True,"4","198265","1154248@maruticrm.onmicrosoft.com","2025-11-18 11:24:54.342",NULL,"60f3db66-cacb-41d1-bf19-8330b9f24c96",NULL,NULL,NULL,NULL
"204653",NULL,"Katyayni","NA","Katyayni","KX001157607@techmahindra.com","9051094465","1",True,"4","198265","1157607@maruticrm.onmicrosoft.com","2025-11-18 12:57:37.67",NULL,"60f3db66-cacb-41d1-bf19-8330b9f24c96",NULL,NULL,NULL,NULL
"199335",NULL,"Snega","G","Snega","SG001156850@techmahindra.com","9600954385","1",True,"4","198265","1156850@maruticrm.onmicrosoft.com","2025-11-18 11:25:01.845",NULL,"60f3db66-cacb-41d1-bf19-8330b9f24c96",NULL,NULL,NULL,NULL
"204661",NULL,"Arpita","Tripathi","Arpita","AT001157632@techmahindra.com","8687830662","1",True,"4","198265","1157632@maruticrm.onmicrosoft.com","2025-11-18 13:14:20.473",NULL,"60f3db66-cacb-41d1-bf19-8330b9f24c96",NULL,NULL,NULL,NULL
"204658",NULL,"Abhishek","Kumar","Abhishek","AK001157608@techmahindra.com","9625980092","1",True,"4","198265","1157608@maruticrm.onmicrosoft.com","2025-11-18 13:07:02.245",NULL,"60f3db66-cacb-41d1-bf19-8330b9f24c96",NULL,NULL,NULL,NULL
"204659",NULL,"Prachi","Sharma","Prachi","PX001157614@techmahindra.com","7668941023","1",True,"4","198265","1157614@maruticrm.onmicrosoft.com","2025-11-18 13:10:04.797",NULL,"60f3db66-cacb-41d1-bf19-8330b9f24c96",NULL,NULL,NULL,NULL
"204657",NULL,"Suman","Saurav","Suman","SS001157648@techmahindra.com","9508758155","1",True,"4","198265","1157648@maruticrm.onmicrosoft.com","2025-11-18 13:03:16.948",NULL,"60f3db66-cacb-41d1-bf19-8330b9f24c96",NULL,NULL,NULL,NULL
"204660",NULL,"Shreya","Pathak","Shreya","SP001157650@techmahindra.com","9260916184","1",True,"4","198265","1157650@maruticrm.onmicrosoft.com","2025-11-18 13:12:11.268",NULL,"60f3db66-cacb-41d1-bf19-8330b9f24c96",NULL,NULL,NULL,NULL
"204662",NULL,"Ayush","Otwal","Ayush","AO001157997@techmahindra.com","9289053269","1",True,"4","198265","1157997@maruticrm.onmicrosoft.com","2025-11-18 13:16:32.014",NULL,"60f3db66-cacb-41d1-bf19-8330b9f24c96",NULL,NULL,NULL,NULL
"204666",NULL,"Manisha","NA","Manisha","MC001158007@techmahindra.com","8449580319","1",True,"4","198265","1158007@maruticrm.onmicrosoft.com","2025-11-18 13:26:34.136",NULL,"60f3db66-cacb-41d1-bf19-8330b9f24c96",NULL,NULL,NULL,NULL
"204665",NULL,"Monika","NA","Monika","MX001158006@techmahindra.com","9536951888","1",True,"4","198265","1158006@maruticrm.onmicrosoft.com","2025-11-18 13:24:07.716",NULL,"60f3db66-cacb-41d1-bf19-8330b9f24c96",NULL,NULL,NULL,NULL
"204663",NULL,"Aniket","Kumar","Aniket","AK001158005@techmahindra.com","9012659292","1",True,"4","198265","1158005@maruticrm.onmicrosoft.com","2025-11-18 13:20:20.427",NULL,"60f3db66-cacb-41d1-bf19-8330b9f24c96",NULL,NULL,NULL,NULL
"200494",NULL,"Pratheek","Sai","Pratheek","PA001159973@TechMahindra.com","8217652487","1",True,"4","198265","1159973@maruticrm.onmicrosoft.com","2025-11-18 11:32:09.354",NULL,"c1a6ac30-6ee4-42bd-b9b8-c2fc0bfce85f",NULL,NULL,NULL,NULL
"199567",NULL,"N","Swetha","N","NS001156852@techmahindra.com","9677097764","1",True,"4","198265","1156852@maruticrm.onmicrosoft.com","2025-11-18 11:26:38.521",NULL,"60f3db66-cacb-41d1-bf19-8330b9f24c96",NULL,NULL,NULL,NULL
"199747",NULL,"Rajesh","Kumar","Rajesh","RK001155946@Techmahindra.com","7691945534","1",True,"4","198265","1155946@maruticrm.onmicrosoft.com","2025-11-18 11:27:37.509",NULL,"c1a6ac30-6ee4-42bd-b9b8-c2fc0bfce85f",NULL,NULL,NULL,NULL
"199811",NULL,"Pradeep","B","Pradeep","PB001156854@techmahindra.com","9381259281","1",True,"4","198265","1156854@maruticrm.onmicrosoft.com","2025-11-18 11:28:07.153",NULL,"60f3db66-cacb-41d1-bf19-8330b9f24c96",NULL,NULL,NULL,NULL
"200007",NULL,"Nikhil","KumarSingh","Nikhil","NS001154251@techmahindra.com","9598382983","1",True,"4","198265","1154251@maruticrm.onmicrosoft.com","2025-11-18 11:29:32.741",NULL,"60f3db66-cacb-41d1-bf19-8330b9f24c96",NULL,NULL,NULL,NULL
"200083",NULL,"Divya","R","Divya","DR001156855@techmahindra.com","9840619263","1",True,"4","198265","1156855@maruticrm.onmicrosoft.com","2025-11-18 11:29:57.681",NULL,"60f3db66-cacb-41d1-bf19-8330b9f24c96",NULL,NULL,NULL,NULL
"200422",NULL,"Godavarthi","Saikrishna","Godavarthi","GS001156857@techmahindra.com","6303961459","1",True,"4","198265","1156857@maruticrm.onmicrosoft.com","2025-11-18 11:31:44.299",NULL,"60f3db66-cacb-41d1-bf19-8330b9f24c96",NULL,NULL,NULL,NULL
"200482",NULL,"Somya","Sharma","Somya","SS001154252@techmahindra.com","6397333189","1",True,"4","198265","1154252@maruticrm.onmicrosoft.com","2025-11-18 11:32:06.114",NULL,"60f3db66-cacb-41d1-bf19-8330b9f24c96",NULL,NULL,NULL,NULL
"199626",NULL,"Ashish","Choudhary","Ashish","AC001154268@techmahindra.com","9318484609","1",True,"4","198265","1154268@maruticrm.onmicrosoft.com","2025-11-18 11:26:59.02",NULL,"60f3db66-cacb-41d1-bf19-8330b9f24c96",NULL,NULL,NULL,NULL
"200949",NULL,"Nandhini","S","Nandhini","NS001156858@techmahindra.com","9962386646","1",True,"4","198265","1156858@maruticrm.onmicrosoft.com","2025-11-18 11:34:29.552",NULL,"60f3db66-cacb-41d1-bf19-8330b9f24c96",NULL,NULL,NULL,NULL
"201202",NULL,"Harini","P","Harini","HP001156860@techmahindra.com","9884338868","1",True,"4","198265","1156860@maruticrm.onmicrosoft.com","2025-11-18 11:38:49.906",NULL,"60f3db66-cacb-41d1-bf19-8330b9f24c96",NULL,NULL,NULL,NULL
"201196",NULL,"Sneha","-","Sneha","SX001156784@techmahindra.com","9025591361","1",True,"4","198265","1156784@maruticrm.onmicrosoft.com","2025-11-18 11:36:57.305",NULL,"60f3db66-cacb-41d1-bf19-8330b9f24c96",NULL,NULL,NULL,NULL
"201162",NULL,"Vishal","Kapoor","Vishal","VK001154266@techmahindra.com","8791909146","1",True,"4","198265","1154266@maruticrm.onmicrosoft.com","2025-11-18 11:35:51.96",NULL,"60f3db66-cacb-41d1-bf19-8330b9f24c96",NULL,NULL,NULL,NULL
"201199",NULL,"Anay","Gupta","Anay","AG001154294@techmahindra.com","8707029408","1",True,"4","198265","1154294@maruticrm.onmicrosoft.com","2025-11-18 11:38:16.82",NULL,"60f3db66-cacb-41d1-bf19-8330b9f24c96",NULL,NULL,NULL,NULL
"204728","AkashRajput","Akash","Rajput","Akash","leadsmsil@in.startek.com","8827453548","1",True,"4","11647","81109916@maruticrm.onmicrosoft.com","2025-11-19 07:04:41.15",NULL,"c1a6ac30-6ee4-42bd-b9b8-c2fc0bfce85f",NULL,NULL,"",""
"201238",NULL,"Aman","singh","Aman","AS001154258@techmahindra.com","9580050796","1",True,"4","198265","1154258@maruticrm.onmicrosoft.com","2025-11-18 11:40:44.977",NULL,"60f3db66-cacb-41d1-bf19-8330b9f24c96",NULL,NULL,NULL,NULL
"201251",NULL,"Romanchak","Yadav","Romanchak","RY001154244@TechMahindra.com","6394588513","1",True,"4","198265","1154244@maruticrm.onmicrosoft.com","2025-11-18 11:40:54.052",NULL,"60f3db66-cacb-41d1-bf19-8330b9f24c96",NULL,NULL,NULL,NULL
"204729","NiharPipley","Nihar","Pipley","Nihar","leadsmsil@in.startek.com","9301885055","1",True,"4","11647","81109915@maruticrm.onmicrosoft.com","2025-11-19 07:04:43.363",NULL,"c1a6ac30-6ee4-42bd-b9b8-c2fc0bfce85f",NULL,NULL,"",""
"204978",NULL,"BHUKYA","VAMSHI","BHUKYA","leadsmsil@in.startek.com","6309514031","1",True,"4","11647","81109783@maruticrm.onmicrosoft.com","2025-11-21 05:05:30.055",NULL,"60f3db66-cacb-41d1-bf19-8330b9f24c96",NULL,NULL,NULL,NULL
"204732","SujalBaghel","Sujal","Baghel","Sujal","leadsmsil@in.startek.com","8962451977","1",True,"4","11647","81110265@maruticrm.onmicrosoft.com","2025-11-19 07:04:44.768",NULL,"c1a6ac30-6ee4-42bd-b9b8-c2fc0bfce85f",NULL,NULL,"",""
"204731","NehaChauhan","Neha","Chauhan","Neha","leadsmsil@in.startek.com","9589477809","1",True,"4","11647","81109932@maruticrm.onmicrosoft.com","2025-11-19 07:04:44.344",NULL,"c1a6ac30-6ee4-42bd-b9b8-c2fc0bfce85f",NULL,NULL,"",""
"204970",NULL,"SERUGONI","SAIKUMAR","SERUGONI","leadsmsil@in.startek.com","9912763117","1",True,"4","11647","81109774@maruticrm.onmicrosoft.com","2025-11-21 04:46:24.76",NULL,"60f3db66-cacb-41d1-bf19-8330b9f24c96",NULL,NULL,NULL,NULL
"204730","SohailKhan","Sohail","Khan","Sohail","leadsmsil@in.startek.com","8085717339","1",True,"4","11647","81109933@maruticrm.onmicrosoft.com","2025-11-19 07:04:43.826",NULL,"c1a6ac30-6ee4-42bd-b9b8-c2fc0bfce85f",NULL,NULL,"",""
"204968",NULL,"NALLAPA","KIRAN","NALLAPA","leadsmsil@in.startek.com","9346824631","1",True,"4","11647","81109768@maruticrm.onmicrosoft.com","2025-11-21 04:28:37.719",NULL,"60f3db66-cacb-41d1-bf19-8330b9f24c96",NULL,NULL,NULL,NULL
"204969",NULL,"BOLLE","REVATHI","BOLLE","leadsmsil@in.startek.com","7989945843","1",True,"4","11647","81109770@maruticrm.onmicrosoft.com","2025-11-21 04:33:04.546",NULL,"60f3db66-cacb-41d1-bf19-8330b9f24c96",NULL,NULL,NULL,NULL
"204972",NULL,"DHUGI","BHAVANA","DHUGI","leadsmsil@in.startek.com","7075080010","1",True,"4","11647","81109782@maruticrm.onmicrosoft.com","2025-11-21 04:51:28.42",NULL,"60f3db66-cacb-41d1-bf19-8330b9f24c96",NULL,NULL,NULL,NULL
"204980",NULL,"SNEHALATHA","KATTA","SNEHALATHA","leadsmsil@in.startek.com","7702452462","1",True,"4","11647","81109784@maruticrm.onmicrosoft.com","2025-11-21 05:11:45.567",NULL,"60f3db66-cacb-41d1-bf19-8330b9f24c96",NULL,NULL,NULL,NULL
"204981",NULL,"BHATNAGAR","SHIVANI","BHATNAGAR","leadsmsil@in.startek.com","9494208874","1",True,"4","11647","81109786@maruticrm.onmicrosoft.com","2025-11-21 05:17:23.95",NULL,"60f3db66-cacb-41d1-bf19-8330b9f24c96",NULL,NULL,NULL,NULL
"204982",NULL,"SHAMEEMA","BEGUM","SHAMEEMA","leadsmsil@in.startek.com","7732080280","1",True,"4","11647","81109787@maruticrm.onmicrosoft.com","2025-11-21 05:20:51.098",NULL,"60f3db66-cacb-41d1-bf19-8330b9f24c96",NULL,NULL,NULL,NULL
"204984",NULL,"TAMILAN","MATHIYALAGAN","TAMILAN","leadsmsil@in.startek.com","9344572918","1",True,"4","11647","81109794@maruticrm.onmicrosoft.com","2025-11-21 05:23:31.423",NULL,"60f3db66-cacb-41d1-bf19-8330b9f24c96",NULL,NULL,NULL,NULL
"204986",NULL,"Papana","Manasa","Papana","leadsmsil@in.startek.com","8341848632","1",True,"4","11647","81109798@maruticrm.onmicrosoft.com","2025-11-21 05:29:17.72",NULL,"60f3db66-cacb-41d1-bf19-8330b9f24c96",NULL,NULL,NULL,NULL
"204985",NULL,"TARUN","MOLUGURI","TARUN","leadsmsil@in.startek.com","7729014843","1",True,"4","11647","81109797@maruticrm.onmicrosoft.com","2025-11-21 05:25:50.182",NULL,"60f3db66-cacb-41d1-bf19-8330b9f24c96",NULL,NULL,NULL,NULL
"205010",NULL,"SyedMohammedHyder","Quadri","SyedMohammedHyder","leadsmsil@in.startek.com","8790495602","1",True,"4","11647","81100188@maruticrm.onmicrosoft.com","2025-11-21 06:01:56.901",NULL,"60f3db66-cacb-41d1-bf19-8330b9f24c96",NULL,NULL,NULL,NULL
"204988",NULL,"Bhandakar","Nandini","Bhandakar","leadsmsil@in.startek.com","6301411292","1",True,"4","11647","81109779@maruticrm.onmicrosoft.com","2025-11-21 05:32:49.479",NULL,"60f3db66-cacb-41d1-bf19-8330b9f24c96",NULL,NULL,NULL,NULL
"204998",NULL,"Pole","Lokesh","Pole","leadsmsil@in.startek.com","9160877046","1",True,"4","11647","81109791@maruticrm.onmicrosoft.com","2025-11-21 05:37:21.488",NULL,"60f3db66-cacb-41d1-bf19-8330b9f24c96",NULL,NULL,NULL,NULL
"205005",NULL,"KoduriPranay","Kumar","KoduriPranay","leadsmsil@in.startek.com","9951167781","1",True,"4","11647","81109780@maruticrm.onmicrosoft.com","2025-11-21 05:57:10.288",NULL,"60f3db66-cacb-41d1-bf19-8330b9f24c96",NULL,NULL,NULL,NULL
"205012",NULL,"Bollu","Kavya","Bollu","leadsmsil@in.startek.com","9133650877","1",True,"4","11647","81109769@maruticrm.onmicrosoft.com","2025-11-21 06:06:39.056",NULL,"60f3db66-cacb-41d1-bf19-8330b9f24c96",NULL,NULL,NULL,NULL
"205001",NULL,"Lolugu","Pranav","Lolugu","leadsmsil@in.startek.com","8374200373","1",True,"4","11647","81109790@maruticrm.onmicrosoft.com","2025-11-21 05:41:14.14",NULL,"60f3db66-cacb-41d1-bf19-8330b9f24c96",NULL,NULL,NULL,NULL
"205011",NULL,"GattupalliGeeta","Lakshmi","GattupalliGeeta","leadsmsil@in.startek.com","8978779714","1",True,"4","11647","81109778@maruticrm.onmicrosoft.com","2025-11-21 06:04:27.018",NULL,"60f3db66-cacb-41d1-bf19-8330b9f24c96",NULL,NULL,NULL,NULL
"206133",NULL,"Syed","Atif","Syed","SA00891472@TechMahindra.com","6307616147","1",True,"4","198265","891472@maruticrm.onmicrosoft.com","2025-11-27 10:54:30.256",NULL,"60f3db66-cacb-41d1-bf19-8330b9f24c96",NULL,NULL,NULL,"Male"
"205282",NULL,"Akash","Sharma","Akash","leadsmsil@in.startek.com","8791108828","1",True,"4","11647","81109745@maruticrm.onmicrosoft.com","2025-11-24 08:06:16.135",NULL,"c1a6ac30-6ee4-42bd-b9b8-c2fc0bfce85f",NULL,NULL,NULL,NULL
"205311",NULL,"Priyanshi","Verma","Priyanshi","PV001154229@TechMahindra.com","9654060207","1",True,"4","198265","1154229@maruticrm.onmicrosoft.com","2025-11-24 14:41:58.865",NULL,"c1a6ac30-6ee4-42bd-b9b8-c2fc0bfce85f",NULL,NULL,NULL,NULL
"206134",NULL,"Shashank","Pachaulee","Shashank","Shashank.Pachaulee@TechMahindra.com","8057356348","1",True,"4","198265","982073@maruticrm.onmicrosoft.com","2025-11-27 10:56:58.63",NULL,"60f3db66-cacb-41d1-bf19-8330b9f24c96",NULL,NULL,NULL,NULL
"206260",NULL,"Mohd","Abdulla","Mohd","MA001162446@techmahindra.com","9719176232","1",True,"4","198265","1162446@maruticrm.onmicrosoft.com","2025-11-28 10:46:46.591",NULL,"60f3db66-cacb-41d1-bf19-8330b9f24c96",NULL,NULL,NULL,NULL
"206132",NULL,"Vishant","Tyagi","Vishant","VX00606726@Techmahindra.con","9711116005","1",True,"4","198265","606726@maruticrm.onmicrosoft.com","2025-11-27 10:51:43.327",NULL,"60f3db66-cacb-41d1-bf19-8330b9f24c96",NULL,NULL,NULL,"Male"
