"id","partner_cd","name1","name2","name_alias","email","phone_number","partner_type_fkid","is_active","partner_role_fkid","parent_partner_id","external_id","created_at","modified_at","created_by","modified_by","age","qualification","gender"
"84861","1132346","KAMALJEET SINGH",NULL,"KAMALJEET SINGH","kamaljeetsehgalb.tech@gmail.com","7903568073","1",True,"4",NULL,"1132346","2023-10-26 07:54:41.292",NULL,"de43c784-d104-4d41-87ae-7b7a7ca6f1fe",NULL,NULL,NULL,NULL
"40384","490302CCE00009","HARPREET",NULL,"HARPREET","technoybackoffice@marutidealers.com","9773378369","1",True,"4","7766","490302CCE00009","2022-12-15 05:41:10.05","2025-09-27 10:55:27.324","f66dc62d-a757-41c6-a865-02f704092414","490302CCE00009",NULL,NULL,NULL
"45236","490302CCE00012","REENA",NULL,"REENA","technoy.hrm@gmail.com","8279287857","1",True,"4","7766","490302CCE00012","2023-03-04 13:43:48.243","2025-12-01 09:58:38.746","f66dc62d-a757-41c6-a865-02f704092414","490302CCE00012",NULL,NULL,NULL
"50926","490302CCE00020","SHAMINA",NULL,"SHAMINA","technoymotorsmr@gmail.com","9773341788","1",True,"4","7766","490302CCE00020","2023-05-18 07:43:35.767","2025-09-27 11:28:04.185","f66dc62d-a757-41c6-a865-02f704092414","490302CCE00020",NULL,NULL,NULL
"146450","1350253","RANJEETH V",NULL,"RANJEETH V","ranjeethbtech@gmail.com","9994433655","1",True,"4",NULL,"1350253","2025-06-07 04:41:38.623",NULL,"SYSTEM",NULL,NULL,NULL,NULL
"48480","1004827","VIJAY SINGH DEORA",NULL,"VIJAY SINGH DEORA","technoy.hrm@gmail.com","9571140474","1",True,"4",NULL,"1004827",NULL,NULL,NULL,NULL,NULL,NULL,NULL
"25891",NULL,"Rajesh",NULL,"Technoy","technoy.srv.ceo@marutidealers.com","9530396878","1",True,"4","9672","49NB01Admin00001","2022-11-07 06:38:43.833","2025-09-27 09:13:17.53","fe821fee-76e1-499c-98a5-b38272549f74","49NB01Admin00001","30","High School","Others"
"24685","490302Admin00001","ABHINANDAN",NULL,"KISHORE","technoy.srv.ceo@marutidealers.com","7073468292","1",True,"4","7766","490302Admin00001","2022-09-26 15:17:20.964","2025-10-08 05:29:59.767","SYSTEM","490302Admin00001",NULL,NULL,NULL
"26683","CRY101Admin00001","KISHOR",NULL,"KISHOR","technoy.srv.ceo@marutidealers.com","9530396878","1",True,"4","8131","CRY101Admin00001","2022-11-16 02:09:20.049","2025-09-27 09:16:11.292","5bd96885-eb94-47d1-ab37-7c8ddc04e2f9","CRY101Admin00001",NULL,NULL,NULL
"26682","K9NA01Admin00001","KISHOR",NULL,"KISHOR","technoy.srv.ceo@marutidealers.com","9530396878","1",True,"4","11239","K9NA01Admin00001","2022-11-16 02:09:16.863","2025-09-27 09:16:11.871","5bd96885-eb94-47d1-ab37-7c8ddc04e2f9","K9NA01Admin00001",NULL,NULL,NULL
"26685","490304Admin00001","SAYAD",NULL,"SAYAD","technoy.srv.ceo@marutidealers.com","9530396878","1",True,"4","4100","490304Admin00001","2022-11-16 02:09:27.238","2025-09-27 09:16:10.098","5bd96885-eb94-47d1-ab37-7c8ddc04e2f9","490304Admin00001",NULL,NULL,NULL
"26684","CK0101Admin00001","KISHOR",NULL,"KISHOR","technoy.srv.ceo@marutidealers.com","9530396878","1",True,"4","9691","CK0101Admin00001","2022-11-16 02:09:23.724","2025-09-27 09:16:10.708","5bd96885-eb94-47d1-ab37-7c8ddc04e2f9","CK0101Admin00001",NULL,NULL,NULL
"26041","49NB01CCE00002","VIJAY",NULL,"VIJAY","technoynexa.qm@nexadealer.com","7300077394","1",True,"4","9672","49NB01CCE00002","2022-11-09 10:42:19.921","2025-09-18 10:25:37.679","a3577c44-9752-4db9-9db3-ba823c0a2f40","49NB01CCE00002",NULL,NULL,NULL
"26047","49NB01CCE00004","NIRMAL",NULL,"NIRMAL","technoy.udp.srv1@marutidealers.com","9530396843","1",True,"4","9672","49NB01CCE00004","2022-11-09 11:44:39.822","2025-06-10 03:43:47.051","a3577c44-9752-4db9-9db3-ba823c0a2f40","49NB01CCE00004",NULL,NULL,NULL
"26891","49NB01CCE00005","MANOJ",NULL,"CHARU","technoy.hrm@gmail.com","9773349979","1",True,"4","9672","49NB01CCE00005","2022-11-18 04:53:04.509","2025-10-15 07:45:53.125","a3577c44-9752-4db9-9db3-ba823c0a2f40","49NB01CCE00005",NULL,NULL,NULL
"25866","629569","GIPSON MICHAEL",NULL,"GIPSON MICHAEL","techmaijo@gmail.com","8139888901","1",True,"4",NULL,"629569",NULL,"2025-10-23 05:12:35.961",NULL,"MOBILE_UPDATE_API",NULL,NULL,NULL
"24751","08B903CCM00003","MAHESH",NULL,"MAHESH","technoybackoffice@marutidealers.com","7073468292","1",True,"4","1660","08B903CCM00003","2022-09-26 15:38:07.179",NULL,"SYSTEM",NULL,NULL,NULL,NULL
"24713","490302CCE00006","AJAY",NULL,"AJAY","technoybackoffice@marutidealers.com","9530396913","1",True,"4","7766","490302CCE00006","2022-09-26 15:24:48.257","2025-09-27 09:08:57.289","SYSTEM","490302CCE00006",NULL,NULL,NULL
"24712","490302CCE00005","VINOD",NULL,"VINOD","technoybackoffice@marutidealers.com","9530396900","1",True,"4","7766","490302CCE00005","2022-09-26 15:24:46.002","2025-06-10 03:42:44.711","SYSTEM","490302CCE00005",NULL,NULL,NULL
"24711","490302CCE00004","BHUMIKA",NULL,"BHUMIKA","technoybackoffice@marutidealers.com","9530396877","1",True,"4","7766","490302CCE00004","2022-09-26 15:24:43.445","2025-09-27 09:08:57.915","SYSTEM","490302CCE00004",NULL,NULL,NULL
"24710","490302CCE00003","DEEPIKA",NULL,"DEEPIKA","technoybackoffice@marutidealers.com","7014145615","1",True,"4","7766","490302CCE00003","2022-09-26 15:24:40.268","2025-09-27 09:08:58.517","SYSTEM","490302CCE00003",NULL,NULL,NULL
"24708","490302CCE00001","HARPREET",NULL,"HARPREET","technoybackoffice@marutidealers.com","7073468292","1",True,"4","7766","490302CCE00001","2022-09-26 15:24:35.17","2025-09-27 09:08:59.06","SYSTEM","490302CCE00001",NULL,NULL,NULL
"24714","490302CCE00007","REENA",NULL,"REENA","technoymotorsmr@gmail.com","9530396866","1",True,"4","7766","490302CCE00007","2022-09-26 15:24:50.62","2025-09-27 09:08:56.717","SYSTEM","490302CCE00007",NULL,NULL,NULL
"201709",NULL,"Pragya","Mishra","Pragya","PM001154267@techmahindra.com","6392649326","1",True,"4","198265","1154267@maruticrm.onmicrosoft.com","2025-11-18 11:44:32.459",NULL,"60f3db66-cacb-41d1-bf19-8330b9f24c96",NULL,NULL,NULL,NULL
"43853","490302CCE00011","DIVYA",NULL,"DIVYA","technoymotorsmr@gmail.com","8769103766","1",True,"4","7766","490302CCE00011","2023-02-14 07:10:28.278","2025-06-10 03:56:04.675","f66dc62d-a757-41c6-a865-02f704092414","490302CCE00011",NULL,NULL,NULL
"47636","490302CCE00017","TEENA",NULL,"TEENA","technoymotorsmr@gmail.com","9116653776","1",True,"4","7766","490302CCE00017","2023-04-03 10:08:48.459","2025-09-27 11:21:33.831","f66dc62d-a757-41c6-a865-02f704092414","490302CCE00017",NULL,NULL,NULL
"125203","L9NA01Admin00001","L9NA-01",NULL,"L9NA-01","jaincoautotech.ac@gmail.com","9435727277","1",True,"4","123365","L9NA01Admin00001","2025-03-18 09:05:42.738","2025-09-27 12:57:22.071","6aef4ce2-591b-4cca-b92a-b3c551087e3d","L9NA01Admin00001",NULL,NULL,NULL
"67494","752628","NEERAJ GAUTAM",NULL,"NEERAJ GAUTAM","technoy.tdm@gmail.com","8306300695","1",True,"4",NULL,"752628","2023-10-05 18:44:50.157","2025-11-06 09:06:38.037","b3c848f8-192d-49ec-b4e3-8df749389c67","MOBILE_UPDATE_API",NULL,NULL,NULL
"84920","935470","VASIM KHAN",NULL,"VASIM KHAN","technoy.hrm@gmail.com","9982277568","1",True,"4",NULL,"935470","2023-10-26 07:55:12.78",NULL,"de43c784-d104-4d41-87ae-7b7a7ca6f1fe",NULL,NULL,NULL,NULL
"26920","490304CCM00001","SYEDSADAQAT",NULL,"SYEDSADAQAT","technoy.uru.ccm@marutidealers.com","9116101063","1",True,"4","4100","490304CCM00001","2022-11-19 10:06:59.636","2025-09-27 09:38:26.507","dd5d7aa0-b470-4f86-924e-9b07f3924d2c","490304CCM00001",NULL,NULL,NULL
"201823",NULL,"Karuna","NA","Karuna","KX001154279@techmahindra.com","8447929777","1",True,"4","198265","1154279@maruticrm.onmicrosoft.com","2025-11-18 11:47:27.421",NULL,"60f3db66-cacb-41d1-bf19-8330b9f24c96",NULL,NULL,NULL,NULL
"26925","49NB01CCM00002","RAJESH",NULL,"RAJESH","technoynexa.qm@nexadealer.com","7357224888","1",True,"4","9672","49NB01CCM00002","2022-11-19 10:48:42.81","2025-09-27 09:38:27.904","a3577c44-9752-4db9-9db3-ba823c0a2f40","49NB01CCM00002",NULL,NULL,NULL
"29174","SEE101Admin00001","ABHINANDAN",NULL,"TECNOKWR","technoy.srv.ceo@marutidealers.com","7073468292","1",True,"4","10722","SEE101Admin00001","2022-11-22 07:16:15.92","2025-09-27 09:36:07.83","5bd96885-eb94-47d1-ab37-7c8ddc04e2f9","SEE101Admin00001",NULL,NULL,NULL
"81537","177992","RAVINDER JAIN",NULL,"RAVINDER JAIN","technoy.hrm@gmail.com","9672406618","1",True,"4",NULL,"177992","2023-10-16 07:02:26.704","2025-10-16 15:55:22.855","d0836245-6132-4c6b-b8fd-02cc00bad5b0","MOBILE_UPDATE_API",NULL,NULL,NULL
"28138","270901Admin00001","Admin",NULL,"GMAPLELO","techmaijo@georgemaijo.com","7510401129","1",True,"4","9763","270901Admin00001","2022-11-22 07:00:46.949","2025-09-27 09:26:33.117","5bd96885-eb94-47d1-ab37-7c8ddc04e2f9","270901Admin00001",NULL,NULL,NULL
"125213","490302CCE00043","MAHIVARDHAN",NULL,"MAHIVARDHAN","technoybackoffice@marutidealers.com","8306300663","1",True,"4","7766","490302CCE00043","2025-03-18 11:20:36.595","2025-06-10 03:56:36.987","f66dc62d-a757-41c6-a865-02f704092414","490302CCE00043",NULL,NULL,NULL
"125214","490302CCE00044","REENA",NULL,"REENA","technoymotorsmr@gmail.com","9530396877","1",True,"4","7766","490302CCE00044","2025-03-18 11:21:24.716","2025-09-27 11:24:44.926","f66dc62d-a757-41c6-a865-02f704092414","490302CCE00044",NULL,NULL,NULL
"29172","SKO101Admin00001","TECNOTNO",NULL,"TECNOTNO","technoy.srv.ceo@marutidealers.com","9530396878","1",True,"4","11373","SKO101Admin00001","2022-11-22 07:16:14.304","2025-09-27 09:36:06.684","5bd96885-eb94-47d1-ab37-7c8ddc04e2f9","SKO101Admin00001",NULL,NULL,NULL
"29173","CBS101Admin00001","TECNOALK",NULL,"TECNOALK","technoy.srv.ceo@marutidealers.com","9530396878","1",True,"4","8846","CBS101Admin00001","2022-11-22 07:16:15.109","2025-09-27 09:36:07.235","5bd96885-eb94-47d1-ab37-7c8ddc04e2f9","CBS101Admin00001",NULL,NULL,NULL
"96079","605641","NIKHIL RAJU M",NULL,"NIKHIL RAJU M","techmaijo@gmail.com","7510401118","1",True,"4",NULL,"605641","2024-02-06 10:26:53.298","2025-10-16 15:56:28.476","SYSTEM","MOBILE_UPDATE_API",NULL,NULL,NULL
"32563","K9NA01CCM00001","PRASHANT",NULL,"PRASHANT","technoy.nexa.qm1@nexadealer.com","8905992939","1",True,"4","11239","K9NA01CCM00001","2022-11-25 13:21:24.133","2025-09-27 10:06:49.869","0ad2758a-0da0-48a2-89e5-2d9649bb0ca4","K9NA01CCM00001",NULL,NULL,NULL
"46489","490302CCE00014","RAJ",NULL,"RAJ","technoybackoffice@marutidealers.com","7073468292","1",True,"4","7766","490302CCE00014","2023-03-17 04:59:27.702","2025-09-27 11:18:20.519","f66dc62d-a757-41c6-a865-02f704092414","490302CCE00014",NULL,NULL,NULL
"47677","490302CCE00018","YAMINI",NULL,"YAMINI","technoymotorsmr@gmail.com","9773378364","1",True,"4","7766","490302CCE00018","2023-04-04 06:16:20.52","2025-09-27 11:21:43.871","f66dc62d-a757-41c6-a865-02f704092414","490302CCE00018",NULL,NULL,NULL
"32595","SEE101CCE00001","KAMAL",NULL,"KAMAL","technoy.kwr.ccm@marutidealers.com","8306994663","1",True,"4","10722","SEE101CCE00001","2022-11-25 13:28:39.148","2025-09-27 10:07:04.498","3183d8e1-bf4d-4b51-89fb-18d2aee3d70d","SEE101CCE00001",NULL,NULL,NULL
"48919","490302CCE00019","SONIYA",NULL,"SONIYA","technoymotorsmr@gmail.com","8306994672","1",True,"4","7766","490302CCE00019","2023-04-20 04:57:34.109","2025-06-10 03:57:34.78","f66dc62d-a757-41c6-a865-02f704092414","490302CCE00019",NULL,NULL,NULL
"38632","BRE1S1Admin00001","ABHINANDAN",NULL,"TECNOBSW","technoy.srv.ceo@marutidealers.com","9530396890","1",True,"4","9013","BRE1S1Admin00001","2022-12-07 04:25:43.49","2025-09-27 10:43:37.188","5bd96885-eb94-47d1-ab37-7c8ddc04e2f9","BRE1S1Admin00001",NULL,NULL,NULL
"38729","CBR1S1Admin00001","ABHINANDAN",NULL,"TECNODYX","technoy.srv.ceo@marutidealers.com","9530396890","1",True,"4","8947","CBR1S1Admin00001","2022-12-07 04:27:14.235","2025-09-27 10:44:32.339","5bd96885-eb94-47d1-ab37-7c8ddc04e2f9","CBR1S1Admin00001",NULL,NULL,NULL
"52282","1106969","RANDHIR KUMAR YADAV",NULL,"RANDHIR KUMAR YADAV","rkybtech2@gmail.com","7070424035","1",True,"4",NULL,"1106969",NULL,NULL,NULL,NULL,NULL,NULL,NULL
"50253","K9NA01CCE00004","REENA",NULL,"REENA","technoymotorchittorcce@gmail.com","8905992912","1",True,"4","11239","K9NA01CCE00004","2023-05-09 11:21:55.797","2025-09-27 11:27:08.081","0ad2758a-0da0-48a2-89e5-2d9649bb0ca4","K9NA01CCE00004",NULL,NULL,NULL
"80479","897901","SHAHULHAMEED S",NULL,"SHAHULHAMEED S","maruthitechsrv@gmail.com","9842653718","1",True,"4",NULL,"897901","2023-10-14 07:48:38.484",NULL,"93c256f7-b130-49d1-99a6-a4bb4aea3cef",NULL,NULL,NULL,NULL
"54588","490304CCM00002","NIRMAL",NULL,"PAWAN","technoy.uru.gm@marutidealers.com","9530396843","1",True,"4","4100","490304CCM00002","2023-06-27 11:51:32.77","2025-10-08 05:45:47.109","dd5d7aa0-b470-4f86-924e-9b07f3924d2c","490304CCM00002",NULL,NULL,NULL
"47310","490302CCE00016","WASHIM",NULL,"WASHIM","technoy.udp.ccm1@marutidealer.com","9530396876","1",True,"4","7766","490302CCE00016","2023-03-27 08:34:20.538","2025-09-27 11:20:15.391","f66dc62d-a757-41c6-a865-02f704092414","490302CCE00016",NULL,NULL,NULL
"81239","795788","SURJEET KAUR",NULL,"SURJEET KAUR","autotechengineers@yahoo.co.in","9891133669","1",True,"4",NULL,"795788","2023-10-14 09:02:05.863",NULL,"d0836245-6132-4c6b-b8fd-02cc00bad5b0",NULL,NULL,NULL,NULL
"49657","49NB01CCE00009","REENA",NULL,"REENA","technoymotorsmr@gmail.com","9530396877","1",True,"4","9672","49NB01CCE00009","2023-04-27 13:26:43.86","2025-09-27 11:24:45.52","a3577c44-9752-4db9-9db3-ba823c0a2f40","49NB01CCE00009",NULL,NULL,NULL
"68534","1135246","NISHANT JAIN",NULL,"NISHANT JAIN","nishant@jaincoautotech.com","9435727277","1",True,"4",NULL,"1135246","2023-10-05 19:33:20.366","2025-01-29 14:23:13.971","d0836245-6132-4c6b-b8fd-02cc00bad5b0","MOBILE_UPDATE_API",NULL,NULL,NULL
"68574","1070868","EKTA JOSHI",NULL,"EKTA JOSHI","technoynexaqm@gmail.com","9116007244","1",True,"4",NULL,"1070868","2023-10-05 19:33:33.818",NULL,"b3c848f8-192d-49ec-b4e3-8df749389c67",NULL,NULL,NULL,NULL
"109532","975629","MOHAMMED SHAJEER",NULL,"MOHAMMED SHAJEER","techmaijo@gmail.com","7356888762","1",True,"4",NULL,"975629","2024-07-26 06:30:54.558",NULL,"SYSTEM",NULL,NULL,NULL,NULL
"84915","443303","GIRISH UPADHYAY",NULL,"GIRISH UPADHYAY","technoy.udp.wm@marutidealers.com","9414165429","1",True,"4",NULL,"443303","2023-10-26 07:55:10.068","2025-10-01 02:49:37.492","de43c784-d104-4d41-87ae-7b7a7ca6f1fe","MOBILE_UPDATE_API",NULL,NULL,NULL
"85178","968711","DEVESH NARAYAN SINGH",NULL,"DEVESH NARAYAN SINGH","autotechengineers@yahoo.co.in","9716018009","1",True,"4",NULL,"968711","2023-10-26 08:02:55.494","2025-11-07 14:17:29.447","de43c784-d104-4d41-87ae-7b7a7ca6f1fe","MOBILE_UPDATE_API",NULL,NULL,NULL
"85233","900937","SHIV SHANKAR MENARIA",NULL,"SHIV SHANKAR MENARIA","technoy.fat.ccm@marutidealers.com","8619135014","1",True,"4",NULL,"900937","2023-10-26 08:03:27.575","2025-11-19 11:57:04.104","de43c784-d104-4d41-87ae-7b7a7ca6f1fe","MOBILE_UPDATE_API",NULL,NULL,NULL
"55130","4903DTC00008","DARSHIKA SHARMA",NULL,"DARSHIKA SHARMA","technoy.insurance@gmail.com","8306300667","1",True,"4","7766","4903DTC00008","2023-07-04 09:09:46.742",NULL,"efd6f755-8b0b-4f0f-9e93-3fb1707d0f19",NULL,NULL,NULL,NULL
"55000","4903DTC00001","SARITA SAXENA",NULL,"SARITA SAXENA","technoy.insurance@gmail.com","9982667806","1",True,"4","7766","4903DTC00001","2023-07-03 07:05:36.18",NULL,"efd6f755-8b0b-4f0f-9e93-3fb1707d0f19",NULL,NULL,NULL,NULL
"55001","4903DTC00002","AJAY CHAUHAN",NULL,"AJAY CHAUHAN","technoy.insurance@gmail.com","9982667806","1",True,"4","7766","4903DTC00002","2023-07-03 07:07:56.82",NULL,"efd6f755-8b0b-4f0f-9e93-3fb1707d0f19",NULL,NULL,NULL,NULL
"67929","934655","MAYA KUMARI VAISHNAV",NULL,"MAYA KUMARI VAISHNAV","technoyworkshopbhinder@gmail.com","6350687996","1",True,"4",NULL,"934655","2023-10-05 19:28:08.069","2025-03-07 06:19:58.135","d0836245-6132-4c6b-b8fd-02cc00bad5b0","MOBILE_UPDATE_API",NULL,NULL,NULL
"55122","4903DTC00003","SAKSHI SUKHWAL",NULL,"SAKSHI SUKHWAL","technoy.insurance@gmail.com","7742255188","1",True,"4","7766","4903DTC00003","2023-07-04 08:31:18.24",NULL,"efd6f755-8b0b-4f0f-9e93-3fb1707d0f19",NULL,NULL,NULL,NULL
"55123","4903DTC00004","VIMLA MALI",NULL,"VIMLA MALI","technot.insurance@gmail.com","7742454289","1",True,"4","7766","4903DTC00004","2023-07-04 08:33:29.803",NULL,"efd6f755-8b0b-4f0f-9e93-3fb1707d0f19",NULL,NULL,NULL,NULL
"55125","4903DTC00005","SWEETY PANWAR",NULL,"SWEETY PANWAR","technoy.insurance@gmail.com","8949092995","1",True,"4","7766","4903DTC00005","2023-07-04 08:48:37.472",NULL,"efd6f755-8b0b-4f0f-9e93-3fb1707d0f19",NULL,NULL,NULL,NULL
"55126","4903DTC00006","RANJANA HADA",NULL,"RANJANA HADA","technoy.insurance@gmail.com","7976925781","1",True,"4","7766","4903DTC00006","2023-07-04 08:48:53.906",NULL,"efd6f755-8b0b-4f0f-9e93-3fb1707d0f19",NULL,NULL,NULL,NULL
"55129","4903DTC00007","SALONI AGARWAL",NULL,"SALONI AGARWAL","technoy.insurance@gmail.com","7300051962","1",True,"4","7766","4903DTC00007","2023-07-04 09:09:35.479",NULL,"efd6f755-8b0b-4f0f-9e93-3fb1707d0f19",NULL,NULL,NULL,NULL
"55131","4903DTC00009","VINOD MEGHWAL",NULL,"VINOD MEGHWAL","technoy.insurance@gmail.com","7878570812","1",True,"4","7766","4903DTC00009","2023-07-04 09:09:56.535",NULL,"efd6f755-8b0b-4f0f-9e93-3fb1707d0f19",NULL,NULL,NULL,NULL
"55132","4903DTC00010","VIKRAM SINGH",NULL,"VIKRAM SINGH","technoy.insurance@gmail.com","8905992936","1",True,"4","7766","4903DTC00010","2023-07-04 09:10:05.588",NULL,"efd6f755-8b0b-4f0f-9e93-3fb1707d0f19",NULL,NULL,NULL,NULL
"55133","4903DTC00011","URMILA LOHAR",NULL,"URMILA LOHAR","technoy.insurance@gmail.com","7742727475","1",True,"4","7766","4903DTC00011","2023-07-04 09:10:14.248",NULL,"efd6f755-8b0b-4f0f-9e93-3fb1707d0f19",NULL,NULL,NULL,NULL
"124710","430587","SHANTI LAL SHARMA",NULL,"SHANTI LAL SHARMA","technoynexa.qm@nexadealer.com","8905992925","1",True,"4",NULL,"430587","2025-03-07 07:53:07.286",NULL,"23a35a5c-d0ac-4022-b8e4-83a3fe593606",NULL,NULL,NULL,NULL
"55631","SSF101Admin00001","SSF1-01",NULL,"SSF1-01","technoy.srv.ceo@marutidealers.com","9530396878","1",True,"4","51288","SSF101Admin00001","2023-07-09 08:54:31.451","2025-09-27 11:37:10.614","5bd96885-eb94-47d1-ab37-7c8ddc04e2f9","SSF101Admin00001",NULL,NULL,NULL
"69289","1048294","ANGOORI SHRIMALI",NULL,"ANGOORI SHRIMALI","technoy.udp.sm@gamil.com","9799037313","1",True,"4",NULL,"1048294","2023-10-05 19:38:05.566","2025-04-29 19:00:40.803","d0836245-6132-4c6b-b8fd-02cc00bad5b0","MOBILE_UPDATE_API",NULL,NULL,NULL
"109664","SEE101CCE00004","PRAKESH",NULL,"PRAKESH","technoy.kwr.wm@marutidealers.com","9828704334","1",True,"4","10722","SEE101CCE00004","2024-07-27 11:16:56.526","2025-06-10 04:06:49.983","f66dc62d-a757-41c6-a865-02f704092414","SEE101CCE00004",NULL,NULL,NULL
"86687","926552","RAJESH JOSHI",NULL,"RAJESH JOSHI","technoynexa.qm@nexadealer.com","9116170602","1",True,"4",NULL,"926552","2023-10-26 08:19:40.87",NULL,"de43c784-d104-4d41-87ae-7b7a7ca6f1fe",NULL,NULL,NULL,NULL
"69682","126519","OM PRAKASH DAYA",NULL,"OM PRAKASH DAYA","technoy.udp.sm@marutidealers.com","9982666809","1",True,"4",NULL,"126519","2023-10-05 19:40:44.015",NULL,"d0836245-6132-4c6b-b8fd-02cc00bad5b0",NULL,NULL,NULL,NULL
"185478","1015633","ASHISH SHARMA",NULL,"ASHISH SHARMA","validationcuretech@gmail.com","9459396511","1",True,"4",NULL,"1015633","2025-10-22 08:26:32.702",NULL,"c1a6ac30-6ee4-42bd-b9b8-c2fc0bfce85f",NULL,NULL,NULL,NULL
"85592","826612","AMOD KUMAR",NULL,"AMOD KUMAR","hitechauto@ymail.com","9835044502","1",True,"4",NULL,"826612","2023-10-26 08:06:52.008",NULL,"de43c784-d104-4d41-87ae-7b7a7ca6f1fe",NULL,NULL,NULL,NULL
"85761","1137984","GOVIND SINGH BHATI",NULL,"GOVIND SINGH BHATI","technoy.hrm@gmail.com","9413388694","1",True,"4",NULL,"1137984","2023-10-26 08:08:27.546",NULL,"de43c784-d104-4d41-87ae-7b7a7ca6f1fe",NULL,NULL,NULL,NULL
"97728","4903DTC00013","SARITA SAXENA",NULL,"SARITA SAXENA","technoy.insurance@gmail.com","9001846186","1",True,"4","7766","4903DTC00013","2024-03-09 10:41:27.915",NULL,"efd6f755-8b0b-4f0f-9e93-3fb1707d0f19",NULL,NULL,NULL,NULL
"86419","734723","POULOSE KP",NULL,"POULOSE KP","motortechmgdi@gmail.com","9539195850","1",True,"4",NULL,"734723","2023-10-26 08:17:15.225",NULL,"de43c784-d104-4d41-87ae-7b7a7ca6f1fe",NULL,NULL,NULL,NULL
"86686","790013","REENA KHAN",NULL,"REENA KHAN","technoymotorchittorcce@gmail.com","8905992912","1",True,"4",NULL,"790013","2023-10-26 08:19:40.324",NULL,"de43c784-d104-4d41-87ae-7b7a7ca6f1fe",NULL,NULL,NULL,NULL
"202118",NULL,"Rishita","Kumari","Rishita","RK001154283@techmahindra.com","7461886500","1",True,"4","198265","1154283@maruticrm.onmicrosoft.com","2025-11-18 11:51:13.663",NULL,"60f3db66-cacb-41d1-bf19-8330b9f24c96",NULL,NULL,NULL,NULL
"82810","5801S1Admin00001","5801-S1",NULL,"5801-S1","gm_ws_ecotech@vipulmotors.com","8448598222","1",True,"4","50963","5801S1Admin00001","2023-10-19 12:46:59.556","2025-06-10 04:02:17.114","5bd96885-eb94-47d1-ab37-7c8ddc04e2f9","5801S1Admin00001",NULL,NULL,NULL
"95560","490302CCE00028","HARDIK",NULL,"HARDIK","technoybackoffice@marutidealers.com","7073468292","1",True,"4","7766","490302CCE00028","2024-01-29 11:14:52.219","2025-06-10 04:03:44.993","f66dc62d-a757-41c6-a865-02f704092414","490302CCE00028",NULL,NULL,NULL
"87848","852966","SYED SADAQAT ALI",NULL,"SYED SADAQAT ALI","technoy.uru.ccm@marutidealers.com","9116653781","1",True,"4",NULL,"852966","2023-10-26 08:33:11.009",NULL,"de43c784-d104-4d41-87ae-7b7a7ca6f1fe",NULL,NULL,NULL,NULL
"87944","451141","UMESH KUMAR  SHARMA",NULL,"UMESH KUMAR  SHARMA","technoy.srv10@gmail.com","9530396895","1",True,"4",NULL,"451141","2023-10-26 08:38:04.856","2025-10-08 06:23:39.146","de43c784-d104-4d41-87ae-7b7a7ca6f1fe","MOBILE_UPDATE_API",NULL,NULL,NULL
"81522","768477","HARMEET SINGH",NULL,"HARMEET SINGH","autotechengineers@yahoo.co.in","9811608008","1",True,"4",NULL,"768477","2023-10-16 07:02:18.269","2025-03-07 19:01:16.127","d0836245-6132-4c6b-b8fd-02cc00bad5b0","MOBILE_UPDATE_API",NULL,NULL,NULL
"74569","490302CCE00024","ANITA",NULL,"ANITA","technoy.hrm@gmail.com","9414927519","1",True,"4","7766","490302CCE00024","2023-10-09 05:55:56.124","2025-11-29 04:55:32.974","f66dc62d-a757-41c6-a865-02f704092414","490302CCE00024",NULL,NULL,NULL
"88346","865152","RAJESH ACHARYA",NULL,"RAJESH ACHARYA","solotechkumta@rediffmail.com","9448149607","1",True,"4",NULL,"865152","2023-10-26 08:41:53.753","2025-05-30 19:00:43.642","de43c784-d104-4d41-87ae-7b7a7ca6f1fe","MOBILE_UPDATE_API",NULL,NULL,NULL
"48187","490304CCE00006","LATA",NULL,"LATA","technoy.hrm@gmail.com","8306300686","1",True,"4","4100","490304CCE00006","2023-04-10 10:54:50.768","2025-09-27 11:23:02.943","dd5d7aa0-b470-4f86-924e-9b07f3924d2c","490304CCE00006",NULL,NULL,NULL
"78877","865150","SOWMYA RAJESH ACHARYA",NULL,"SOWMYA RAJESH ACHARYA","solotechkumta@gmail.com","9483908074","1",True,"4",NULL,"865150","2023-10-13 07:32:09",NULL,"d0836245-6132-4c6b-b8fd-02cc00bad5b0",NULL,NULL,NULL,NULL
"84634","865153","TRIVENI HARIKANTH",NULL,"TRIVENI HARIKANTH","solotechkumta@rediffmail.com","9449966362","1",True,"4",NULL,"865153","2023-10-26 07:52:40.615",NULL,"de43c784-d104-4d41-87ae-7b7a7ca6f1fe",NULL,NULL,NULL,NULL
"97902","SUO101Admin00001","SUO1-01",NULL,"SUO1-01","technoy.srv.ceo@marutidealers.com","9530396878","1",True,"4","91239","SUO101Admin00001","2024-03-13 06:18:50.77","2025-09-27 12:16:10.869","f66dc62d-a757-41c6-a865-02f704092414","SUO101Admin00001",NULL,NULL,NULL
"92705","942596","SHASHANK MATHUR",NULL,"SHASHANK MATHUR","technoyserviceadvisor@gmail.com","9983334531","1",True,"4",NULL,"942596","2023-12-20 06:35:12.577","2025-11-27 10:31:30.491","SYSTEM","MOBILE_UPDATE_API",NULL,NULL,NULL
"202200",NULL,"Pankaj","NA","Pankaj","PX001154264@techmahindra.com","8307304282","1",True,"4","198265","1154264@maruticrm.onmicrosoft.com","2025-11-18 11:55:25.114",NULL,"60f3db66-cacb-41d1-bf19-8330b9f24c96",NULL,NULL,NULL,NULL
"95559","490302CCE00027","SAKSHI",NULL,"SAKSHI","technoybakcoffice@marutidealers.com","8306113736","1",True,"4","7766","490302CCE00027","2024-01-29 10:43:58.029","2025-06-10 04:03:44.694","f66dc62d-a757-41c6-a865-02f704092414","490302CCE00027",NULL,NULL,NULL
"88026","725217","PARAMESHWARAN A",NULL,"PARAMESHWARAN A","sankaritech@tech-zone.in","9842801599","1",True,"4",NULL,"725217","2023-10-26 08:38:51.453",NULL,"de43c784-d104-4d41-87ae-7b7a7ca6f1fe",NULL,NULL,NULL,NULL
"78484","729006","ABHINANDAN KAVDIA",NULL,"ABHINANDAN KAVDIA","technoy.srv.ceo@marutidealers.com","7073468292","1",True,"4",NULL,"729006","2023-10-13 05:18:32.522","2025-09-11 08:22:52.912","b3c848f8-192d-49ec-b4e3-8df749389c67","MOBILE_UPDATE_API",NULL,NULL,NULL
"81749","524219","DINESH JAIN",NULL,"DINESH JAIN","technoy.hrm@gmail.com","9530396845","1",True,"4",NULL,"524219","2023-10-16 08:25:30.276","2025-11-04 07:00:18.626","d0836245-6132-4c6b-b8fd-02cc00bad5b0","MOBILE_UPDATE_API",NULL,NULL,NULL
"89612","Aashish","Aashish","Srivastav","Aashish","aashishsrivastav@techefficio.com","9032687297","1",True,"9","89611","aashishsrivastav@techefficio.com","2023-11-06 04:26:45.465",NULL,"79c621c5-65d4-440b-a931-8cef33220f5e",NULL,NULL,NULL,NULL
"90059","584840","MAIJO JOSEPH",NULL,"MAIJO JOSEPH","techmaijo@gmail.com","7510401129","1",True,"4",NULL,"584840","2023-11-15 10:16:46.79",NULL,"adf14d93-32a8-46b9-9550-077f1a826ab3",NULL,NULL,NULL,NULL
"96718","49CBDTC00001","JAGRITI RAJPUROHIT",NULL,"JAGRITI RAJPUROHIT","technoysukher2020@gmail.com","8306994683","1",True,"4","7090","49CBDTC00001","2024-02-20 14:08:51.462",NULL,"7af62909-5424-4059-a998-1b91d2badb84",NULL,NULL,NULL,NULL
"90275","1145238","DEBASISH CHAKRABORTY",NULL,"DEBASISH CHAKRABORTY","jaincoautotech.sales@gmail.com","8638607998","1",True,"4",NULL,"1145238","2023-11-17 09:51:10.124","2025-01-29 14:26:31.012","adf14d93-32a8-46b9-9550-077f1a826ab3","MOBILE_UPDATE_API",NULL,NULL,NULL
"99131","X2NA01Admin00001","ABHINANDAN",NULL,"X2NA-01","technoy.srv.ceo@marutidealers.com","9530396890","1",True,"4","96302","X2NA01Admin00001","2024-03-19 07:30:43.317","2025-09-27 12:19:38.186","5bd96885-eb94-47d1-ab37-7c8ddc04e2f9","X2NA01Admin00001",NULL,NULL,NULL
"99199","X2NA01CCE00001","SANYOGITA",NULL,"SANYOGITA","technoy.hrm@gmail.com","9257028055","1",True,"4","96302","X2NA01CCE00001","2024-03-19 11:03:09.882","2025-11-18 11:28:55.08","f66dc62d-a757-41c6-a865-02f704092414","X2NA01CCE00001",NULL,NULL,NULL
"96468","490302CCE00029","YASHODA",NULL,"YASHODA","technoy.udp.wm1@marutidelers.com","9358391004","1",True,"4","7766","490302CCE00029","2024-02-14 11:11:39.841","2025-06-10 04:04:03.301","f66dc62d-a757-41c6-a865-02f704092414","490302CCE00029",NULL,NULL,NULL
"96595","49CBDAdmin00001","HIMANSHU",NULL,"4301 ADMIN","technoy.insurance@gmail.com","9982667806","1",True,"4","7090","49CBDAdmin00001","2024-02-17 12:29:14.29","2025-08-01 11:32:14.499","984248b0-f68e-400f-b2ca-6f048c4235f6","49CBDAdmin00001",NULL,NULL,NULL
"96719","49CBDTC00002","AARTI MATHUR",NULL,"AARTI MATHUR","technoysukher2020@gmail.com","7300051958","1",True,"4","7090","49CBDTC00002","2024-02-20 14:09:31.014",NULL,"7af62909-5424-4059-a998-1b91d2badb84",NULL,NULL,NULL,NULL
"96720","49CBDTC00003","RITU MAHESWARI",NULL,"RITU MAHESWARI","technoysukher2020@gmail.com","9116101567","1",True,"4","7090","49CBDTC00003","2024-02-20 14:09:45.33",NULL,"7af62909-5424-4059-a998-1b91d2badb84",NULL,NULL,NULL,NULL
"96721","49CBDTC00004","ANJU PALIWAL",NULL,"ANJU PALIWAL","technoysukher2020@gmail.com","9773394730","1",True,"4","7090","49CBDTC00004","2024-02-20 14:09:54.456",NULL,"7af62909-5424-4059-a998-1b91d2badb84",NULL,NULL,NULL,NULL
"96722","49CBDTC00005","PRATIBHA RAO",NULL,"PRATIBHA RAO","technoysukher2020@gmail.com","9773346342","1",True,"4","7090","49CBDTC00005","2024-02-20 14:10:01.539",NULL,"7af62909-5424-4059-a998-1b91d2badb84",NULL,NULL,NULL,NULL
"96723","49CBDTC00006","PANKAJ SINGH",NULL,"PANKAJ SINGH","technoysukher2020@gmail.com","9773346349","1",True,"4","7090","49CBDTC00006","2024-02-20 14:10:08.259",NULL,"7af62909-5424-4059-a998-1b91d2badb84",NULL,NULL,NULL,NULL
"96724","49CBDTC00007","ANITA REGAR",NULL,"ANITA REGAR","technoysukher2020@gmail.com","7300051962","1",True,"4","7090","49CBDTC00007","2024-02-20 14:10:16.359",NULL,"7af62909-5424-4059-a998-1b91d2badb84",NULL,NULL,NULL,NULL
"96725","49CBDTC00008","KHUSBOO JAIN",NULL,"KHUSBOO JAIN","technoysukher2020@gmail.com","8306994685","1",True,"4","7090","49CBDTC00008","2024-02-20 14:10:25.643",NULL,"7af62909-5424-4059-a998-1b91d2badb84",NULL,NULL,NULL,NULL
"96726","49CBDIM00001","SURESH NAGDA",NULL,"SURESH NAGDA","technoysukher2020@gmail.com","9694947058","1",True,"4","7090","49CBDIM00001","2024-02-20 14:14:45.586",NULL,"7af62909-5424-4059-a998-1b91d2badb84",NULL,NULL,NULL,NULL
"105569","490304CCM00003","DEEPTI",NULL,"DEEPTI","technoy.uru.ccm@Marutidealers.com","9116101063","1",True,"4","4100","490304CCM00003","2024-06-03 09:52:58.905","2025-06-10 04:05:32.662","dd5d7aa0-b470-4f86-924e-9b07f3924d2c","490304CCM00003",NULL,NULL,NULL
"109154","490302CCE00032","REHANUL",NULL,"REHANUL","r.technoy@yahoo.com","9116653777","1",True,"4","7766","490302CCE00032","2024-07-22 12:46:58.446","2025-09-11 08:13:02.001","f66dc62d-a757-41c6-a865-02f704092414","490302CCE00032",NULL,NULL,NULL
"103996","CRY101CCM00002","PRAKASH",NULL,"PRAKASH","technoy.hrm@gmail.com","9530396882","1",True,"4","8131","CRY101CCM00002","2024-05-18 05:37:43.366","2025-09-27 12:24:36.13","f66dc62d-a757-41c6-a865-02f704092414","CRY101CCM00002",NULL,NULL,NULL
"186743","745964","RAMESH KUMAR CHOUDHARY",NULL,"RAMESH KUMAR CHOUDHARY","technoy.udp.edp@marutidealers.com","8209143088","1",True,"4",NULL,"745964","2025-10-22 10:50:39.885",NULL,"c1a6ac30-6ee4-42bd-b9b8-c2fc0bfce85f",NULL,NULL,NULL,NULL
"111658","X20201CCM00001","MAYANK",NULL,"MAYANK","technoy.rj9.wm@marutidealers.com","9257056465","1",True,"4","110712","X20201CCM00001","2024-08-26 09:08:29.171","2025-09-27 12:38:34.665","f66dc62d-a757-41c6-a865-02f704092414","X20201CCM00001",NULL,NULL,NULL
"105627","490302CCE00031","NEETU",NULL,"NEETU","technoybackoffice@marutidealers.com","9116653776","1",True,"4","7766","490302CCE00031","2024-06-04 07:27:57.007","2025-06-10 04:05:34.488","f66dc62d-a757-41c6-a865-02f704092414","490302CCE00031",NULL,NULL,NULL
"132635","399664","VISHAL KUMAR",NULL,"VISHAL KUMAR","autocard@sprbuildtech.com","9717767420","1",True,"4",NULL,"399664","2025-05-08 10:59:24.809",NULL,"bce33503-ee71-4d79-ba42-1a4ccda02f24",NULL,NULL,NULL,NULL
"106185","270902CCM00003","SARATH",NULL,"SARATH","techmaijo@georgemaijo.com","7994450754","1",True,"4","6322","270902CCM00003","2024-06-13 07:00:16.806","2025-10-08 07:10:45.338","8b0de721-dd15-4690-a545-ef5add23ca5d","270902CCM00003",NULL,NULL,NULL
"115941","1223273","NISHANT JAIN",NULL,"NISHANT JAIN","jaincoautotech.sales@gmail.com","9435727277","1",True,"4",NULL,"1223273","2024-11-05 18:21:05.251","2025-01-29 14:23:23.262","60f3db66-cacb-41d1-bf19-8330b9f24c96","MOBILE_UPDATE_API",NULL,NULL,NULL
"110625","558642","HEMENDRA SUYAL SUYAL",NULL,"HEMENDRA SUYAL SUYAL","technoytruevalue@marutidealers.com","9982667898","1",True,"4",NULL,"558642","2024-08-08 12:09:46.924","2025-09-08 19:01:53.085","SYSTEM","MOBILE_UPDATE_API",NULL,NULL,NULL
"202253",NULL,"Shreeti","Kumari","Shreeti","SK001154278@techmahindra.com","8797870260","1",True,"4","198265","1154278@maruticrm.onmicrosoft.com","2025-11-18 11:57:39.829",NULL,"60f3db66-cacb-41d1-bf19-8330b9f24c96",NULL,NULL,NULL,NULL
"108822","490304CCE00008","KAMAL",NULL,"KAMAL","r.technoy@gmail.com","9530396887","1",True,"4","4100","490304CCE00008","2024-07-18 09:32:41.161","2025-09-27 12:32:08.679","f66dc62d-a757-41c6-a865-02f704092414","490304CCE00008",NULL,NULL,NULL
"115760","1232366","RANJEET KUMAR KARN",NULL,"RANJEET KUMAR KARN","ranjeet.itech@gmail.com","6202384986","1",True,"4",NULL,"1232366","2024-11-05 15:15:10.407","2025-02-28 19:00:27.992","60f3db66-cacb-41d1-bf19-8330b9f24c96","MOBILE_UPDATE_API",NULL,NULL,NULL
"32660","CBS101CCE00001","CHETNA",NULL,"CHETNA","technoy.bnd.wm@marutidealers.com","8306111337","1",True,"4","8846","CBS101CCE00001","2022-11-25 13:46:10.691","2025-06-10 03:48:24.055","37c573ca-b65e-4d62-b284-5c749de7d1dc","CBS101CCE00001",NULL,NULL,NULL
"116790","862457","PAWAN SONI",NULL,"PAWAN SONI","technoy.uru.gm@marutidealers.com","8619394453","1",True,"4",NULL,"862457","2024-11-05 18:40:30.519","2025-11-02 11:27:37.019","60f3db66-cacb-41d1-bf19-8330b9f24c96","MOBILE_UPDATE_API",NULL,NULL,NULL
"202312",NULL,"Aryan","Choudhary","Aryan","AC001154265@techmahindra.com","7303551793","1",True,"4","198265","1154265@maruticrm.onmicrosoft.com","2025-11-18 12:01:20.698",NULL,"60f3db66-cacb-41d1-bf19-8330b9f24c96",NULL,NULL,NULL,NULL
"126346","CML101Admin00001","CML1-01",NULL,"CML1-01","jaincoautotech.ac@gmail.com","9435727277","1",True,"4","107655","CML101Admin00001","2025-04-11 06:51:13.668","2025-09-27 12:59:57.804","6aef4ce2-591b-4cca-b92a-b3c551087e3d","CML101Admin00001",NULL,NULL,NULL
"118109","K9NA01CCE00009","RAJKUMARI",NULL,"SARITA","technoy.dtm@gmail.com","8905992938","1",True,"4","11239","K9NA01CCE00009","2024-11-11 10:02:32.035","2025-09-27 12:45:39.591","0ad2758a-0da0-48a2-89e5-2d9649bb0ca4","K9NA01CCE00009",NULL,NULL,NULL
"202333",NULL,"Kumkum","Kumari","Kumkum","KK001154660@techmahindra.com","9410083218","1",True,"4","198265","1154660@maruticrm.onmicrosoft.com","2025-11-18 12:03:45.832",NULL,"60f3db66-cacb-41d1-bf19-8330b9f24c96",NULL,NULL,NULL,NULL
"202334",NULL,"Viksit","KumarRai","Viksit","vk001154835@techmahindra.com","6391182923","1",True,"4","198265","1154835@maruticrm.onmicrosoft.com","2025-11-18 12:05:51.05",NULL,"60f3db66-cacb-41d1-bf19-8330b9f24c96",NULL,NULL,NULL,NULL
"202589",NULL,"Shivam","Dixit","Shivam","Shivam.Dixit1@techmahindra.com","9136480993","1",True,"4","198265","989510@maruticrm.onmicrosoft.com","2025-11-18 12:10:28.398",NULL,"60f3db66-cacb-41d1-bf19-8330b9f24c96",NULL,NULL,NULL,NULL
"121753","X20201CCE00004","SANYOGITA",NULL,"SANYOGITA","technoy.hrm@gmail.com","7300077394","1",True,"4","110712","X20201CCE00004","2025-01-16 06:59:13.851","2025-11-07 11:43:39.3","f43fefe5-4908-44d9-83cd-547d31cb3daf","X20201CCE00004",NULL,NULL,NULL
"86021","952606","PRAKASH CHANDRA SUTHAR",NULL,"PRAKASH CHANDRA SUTHAR","technoy.hrm@gmail.com","9828704334","1",True,"4",NULL,"952606","2023-10-26 08:13:37.655","2025-08-05 19:00:29.712","de43c784-d104-4d41-87ae-7b7a7ca6f1fe","MOBILE_UPDATE_API",NULL,NULL,NULL
"156452","270901WSM00002","LINOY",NULL,"LINOY","techmaijo@georgemaijo.com","7559997864","1",True,"4","9763","270901WSM00002","2025-09-29 09:29:52.453","2025-10-08 06:02:53.04","a9ccfaaf-51d5-413e-80aa-21e2943a8290","270901WSM00002",NULL,NULL,NULL
"91822","VL0401Admin00001","VL04-01",NULL,"VL04-01","techmaijo@georgemaijo.com","7510401129","1",True,"4","89536","VL0401Admin00001","2023-12-07 12:25:55.584","2025-11-10 10:07:11.971","5bd96885-eb94-47d1-ab37-7c8ddc04e2f9","VL0401Admin00001",NULL,NULL,NULL
"202591",NULL,"Bikram","Biswal","Bikram","BK001153966@techmahindra.com","7847945352","1",True,"4","198265","1153966@maruticrm.onmicrosoft.com","2025-11-18 12:14:44.033",NULL,"60f3db66-cacb-41d1-bf19-8330b9f24c96",NULL,NULL,NULL,NULL
"116786","1025872","KOMAL PALIWAL",NULL,"KOMAL PALIWAL","technoy.udp.edp@marutidealers.com","7073672529","1",True,"4",NULL,"1025872","2024-11-05 18:40:26.764","2025-11-17 08:59:37.885","60f3db66-cacb-41d1-bf19-8330b9f24c96","MOBILE_UPDATE_API",NULL,NULL,NULL
"202593",NULL,"Deepanshu","Ahuja","Deepanshu","Deepanshu.Ahuja@techmahindra.com","8130910465","1",True,"4","198265","990049@maruticrm.onmicrosoft.com","2025-11-18 12:19:16.21",NULL,"60f3db66-cacb-41d1-bf19-8330b9f24c96",NULL,NULL,NULL,NULL
"83263","424542","RAVINDER REDDY CH",NULL,"RAVINDER REDDY CH","wm-service-hitech@jayabheriauto.in","7780797110","1",True,"4",NULL,"424542","2023-10-26 05:51:16.437","2025-11-30 12:16:38.581","d0836245-6132-4c6b-b8fd-02cc00bad5b0","MOBILE_UPDATE_API",NULL,NULL,NULL
"154954","1233987","KULDEEP SINGH CHOUHAN",NULL,"KULDEEP SINGH CHOUHAN","technoy.rjm.sm@nexadealer.com","9251988300","1",True,"4",NULL,"1233987","2025-09-09 14:39:33.683",NULL,"SYSTEM",NULL,NULL,NULL,NULL
"82164","360266","LOKESH PRAJAPAT",NULL,"LOKESH PRAJAPAT","technoy.sagwara.wm@marutidealer.com","9530396911","1",True,"4",NULL,"360266","2023-10-17 05:17:15.025","2025-09-19 15:26:32.501","b3c848f8-192d-49ec-b4e3-8df749389c67","MOBILE_UPDATE_API",NULL,NULL,NULL
"11239","K9NA","TECHNOY MOTORS",NULL,"TECHNOY MOTORS","technoy.nexa.qm41@nexadealer.com","9116170602","2",True,"2",NULL,NULL,"2022-05-04 15:52:10.141","2025-12-01 00:31:08.859","AmDealerLocSyncPaymentsJob","AmDealerLocSyncPaymentsJob",NULL,NULL,NULL
"202647",NULL,"Upendra","PrasadTiwari","Upendra","UP001157281@techmahindra.com","8977102852","1",True,"4","198265","1157281@maruticrm.onmicrosoft.com","2025-11-18 12:27:54.563",NULL,"60f3db66-cacb-41d1-bf19-8330b9f24c96",NULL,NULL,NULL,NULL
"141501","490302CCE00047","ASHA",NULL,"ASHA","technoy.udp.wm1@marutidealers.com","7357223888","1",True,"4","7766","490302CCE00047","2025-06-02 13:00:04.402","2025-11-30 07:27:09.227","f66dc62d-a757-41c6-a865-02f704092414","490302CCE00047",NULL,NULL,NULL
"115338","490304CCM00004","NIRMAL",NULL,"HASEENA","technoy.hrm@gmail.com","9530396843","1",True,"4","4100","490304CCM00004","2024-11-04 09:12:32.446","2025-07-07 10:43:38.128","dd5d7aa0-b470-4f86-924e-9b07f3924d2c","490304CCM00004",NULL,NULL,NULL
"152744","981460","JAGDEEP AMETA",NULL,"JAGDEEP AMETA","technoy.udp.edp@marutidealers.com","9829049584","1",True,"4",NULL,"981460","2025-08-05 05:31:15.009",NULL,"SYSTEM",NULL,NULL,NULL,NULL
"149152","T283N1CCM00003","SHUMAYLA",NULL,"SHUMAYLA","ccm.ecotech@maruti-msm.com","8510947820","1",True,"4","10510","T283N1CCM00003","2025-07-01 11:33:40.363","2025-09-27 13:59:28.653","a6ab1120-a1c2-41ca-b484-adf2e62129f9","T283N1CCM00003",NULL,NULL,NULL
"147613","490302Admin00002","KISHORE",NULL,"KISHORE","technoy.udp.srv1@marutidealers.com","9530396878","1",True,"4","7766","490302Admin00002","2025-06-14 11:59:47.237","2025-09-27 13:55:53.955","5bd96885-eb94-47d1-ab37-7c8ddc04e2f9","490302Admin00002",NULL,NULL,NULL
"142698","01SUO1SEG00001","SECURITY",NULL,"SECURITY","technoy.udp.srv1@marutidealers.com","9530396878","1",True,"4","91239","01SUO1SEG00001","2025-06-03 12:18:56.228","2025-09-27 13:42:35.775","5bd96885-eb94-47d1-ab37-7c8ddc04e2f9","01SUO1SEG00001",NULL,NULL,NULL
"141543","581760","VINU MANILAL",NULL,"VINU MANILAL","techmaijo@gmail.com","7559997910","1",True,"4",NULL,"581760","2025-06-03 06:31:41.036","2025-11-17 12:23:35.581","SYSTEM","MOBILE_UPDATE_API",NULL,NULL,NULL
"142767","01X2NASEG00001","SECURITY",NULL,"SECURITY","technoy.udp.srv1@marutidealers.com","9530396878","1",True,"4","96302","01X2NASEG00001","2025-06-03 12:19:46.483","2025-09-27 13:43:16.964","5bd96885-eb94-47d1-ab37-7c8ddc04e2f9","01X2NASEG00001",NULL,NULL,NULL
"142629","01T202SEG00001","SECURITY",NULL,"SECURITY","gm_ws_ecotech@vipulmotors.com","8448598222","1",True,"4","58204","01T202SEG00001","2025-06-03 12:18:03.543","2025-09-27 13:41:52.505","5bd96885-eb94-47d1-ab37-7c8ddc04e2f9","01T202SEG00001",NULL,NULL,NULL
"150613","CK0101SEG00002","GANESH",NULL,"GANESH","technoy.swr.ccm@marutidealers.com","6376808361","1",True,"4","9691","CK0101SEG00002","2025-07-21 09:03:20.63","2025-09-27 14:05:32.224","f66dc62d-a757-41c6-a865-02f704092414","CK0101SEG00002",NULL,NULL,NULL
"143052","01L9NASEG00001","SECURITY",NULL,"SECURITY","jaincoautotech.ac@gmail.com","9435727277","1",True,"4","123365","01L9NASEG00001","2025-06-03 12:23:22.748","2025-09-27 13:46:09.493","5bd96885-eb94-47d1-ab37-7c8ddc04e2f9","01L9NASEG00001",NULL,NULL,NULL
"203232",NULL,"Rachit","Sharma","Rachit","RS001157280@techmahindra.com","8533842254","1",True,"4","198265","1157280@maruticrm.onmicrosoft.com","2025-11-18 12:31:37.397",NULL,"60f3db66-cacb-41d1-bf19-8330b9f24c96",NULL,NULL,NULL,NULL
"142891","01CML1SEG00001","SECURITY",NULL,"SECURITY","jaincoautotech.ac@gmail.com","9435727277","1",True,"4","107655","01CML1SEG00001","2025-06-03 12:21:20.114","2025-09-27 13:44:32.026","5bd96885-eb94-47d1-ab37-7c8ddc04e2f9","01CML1SEG00001",NULL,NULL,NULL
"145684","01SQN1SEG00001","SECURITY",NULL,"SECURITY","technoy.udp.srv1@marutidealers.com","9999999999","1",True,"4","46936","01SQN1SEG00001","2025-06-04 03:26:59.264","2025-09-27 13:40:03.885","5bd96885-eb94-47d1-ab37-7c8ddc04e2f9","01SQN1SEG00001",NULL,NULL,NULL
"145720","01SSF1SEG00001","SECURITY",NULL,"SECURITY","technoy.udp.srv1@marutidealers.com","9999999999","1",True,"4","51288","01SSF1SEG00001","2025-06-04 03:27:25.87","2025-09-27 13:41:14.081","5bd96885-eb94-47d1-ab37-7c8ddc04e2f9","01SSF1SEG00001",NULL,NULL,NULL
"142581","S15801SEG00001","SECURITY",NULL,"SECURITY","gm_ws_ecotech@vipulmotors.com","8448598222","1",True,"4","50963","S15801SEG00001","2025-06-03 12:17:18.308","2025-09-27 13:41:09.964","5bd96885-eb94-47d1-ab37-7c8ddc04e2f9","S15801SEG00001",NULL,NULL,NULL
"142919","01X202SEG00001","SECURITY",NULL,"SECURITY","technoy.udp.srv1@marutidealers.com","9530396878","1",True,"4","110712","01X202SEG00001","2025-06-03 12:21:41.469","2025-09-27 13:44:48.131","5bd96885-eb94-47d1-ab37-7c8ddc04e2f9","01X202SEG00001",NULL,NULL,NULL
"150655","CK0101Admin00002","LOKESH",NULL,"LOKESH","technoy.hrm@gmail.com","9530396911","1",True,"4","9691","CK0101Admin00002","2025-07-21 12:42:44.712","2025-09-27 14:05:42.889","f66dc62d-a757-41c6-a865-02f704092414","CK0101Admin00002",NULL,NULL,NULL
"203612",NULL,"Nandani","NA","Nandani","NX001157274@techmahindra.com","8826172389","1",True,"4","198265","1157274@maruticrm.onmicrosoft.com","2025-11-18 12:36:50.711",NULL,"60f3db66-cacb-41d1-bf19-8330b9f24c96",NULL,NULL,NULL,NULL
"203532",NULL,"Pawan","Kumar","Pawan","PK001157275@techmahindra.com","9310379105","1",True,"4","198265","1157275@maruticrm.onmicrosoft.com","2025-11-18 12:34:35.132",NULL,"60f3db66-cacb-41d1-bf19-8330b9f24c96",NULL,NULL,NULL,NULL
"139975","1287300","VIKAS SINGH GAHLOT",NULL,"VIKAS SINGH GAHLOT","technoy.tdm@gmail.com","8824663116","1",True,"4",NULL,"1287300","2025-05-19 13:20:04.793","2025-10-10 05:54:30.632","23a35a5c-d0ac-4022-b8e4-83a3fe593606","MOBILE_UPDATE_API",NULL,NULL,NULL
"139959","535508","DIVYANK SURANA",NULL,"DIVYANK SURANA","technoy.tdm@gmail.com","9799003330","1",True,"4",NULL,"535508","2025-05-19 13:19:53.952","2025-07-08 19:01:38.13","23a35a5c-d0ac-4022-b8e4-83a3fe593606","MOBILE_UPDATE_API",NULL,NULL,NULL
"139961","1179264","JAGDISH YADAV",NULL,"JAGDISH YADAV","technoy.tdm@gmail.com","9784219181","1",True,"4",NULL,"1179264","2025-05-19 13:19:55.438","2025-09-19 19:00:40.885","23a35a5c-d0ac-4022-b8e4-83a3fe593606","MOBILE_UPDATE_API",NULL,NULL,NULL
"139960","1287301","GAJRAJ SINGH",NULL,"GAJRAJ SINGH","technoy.tdm@gmail.com","9672727832","1",True,"4",NULL,"1287301","2025-05-19 13:19:54.72","2025-08-28 10:54:48.663","23a35a5c-d0ac-4022-b8e4-83a3fe593606","MOBILE_UPDATE_API",NULL,NULL,NULL
"143365","044903SEG00001","SECURITY",NULL,"SECURITY","technoy.srv.ceo@marutidealers.com","9999999999","1",True,"4","4100","044903SEG00001","2025-06-04 02:58:57.422","2025-09-27 13:10:08.111","5bd96885-eb94-47d1-ab37-7c8ddc04e2f9","044903SEG00001",NULL,NULL,NULL
"140178","963567","TAJAMUL BASHIR DHAR",NULL,"TAJAMUL BASHIR DHAR","tajamulbashirtech@outlook.com","6005419322","1",True,"4",NULL,"963567","2025-05-19 13:22:18.484",NULL,"23a35a5c-d0ac-4022-b8e4-83a3fe593606",NULL,NULL,NULL,NULL
"139954","896710","ADIL KHAN",NULL,"ADIL KHAN","technoy.tdm@gmail.com","6350528406","1",True,"4",NULL,"896710","2025-05-19 13:19:50.721","2025-10-07 07:33:10.417","23a35a5c-d0ac-4022-b8e4-83a3fe593606","MOBILE_UPDATE_API",NULL,NULL,NULL
"143218","024903SEG00001","SECURITY",NULL,"SECURITY","technoy.srv.ceo@marutidealers.com","9999999999","1",True,"4","7766","024903SEG00001","2025-06-04 02:57:11.864","2025-09-27 13:08:28.687","5bd96885-eb94-47d1-ab37-7c8ddc04e2f9","024903SEG00001",NULL,NULL,NULL
"143239","01CK01SEG00001","SECURITY",NULL,"SECURITY","technoy.swr.ccm@marutidealers.com","8955670963","1",True,"4","9691","01CK01SEG00001","2025-06-04 02:57:26.715","2025-09-27 13:08:42.655","5bd96885-eb94-47d1-ab37-7c8ddc04e2f9","01CK01SEG00001",NULL,NULL,NULL
"143369","01CBS1SEG00001","SECURITY",NULL,"SECURITY","technoy.srv.ceo@marutidealers.com","9999999999","1",True,"4","8846","01CBS1SEG00001","2025-06-04 02:59:00.271","2025-09-27 13:10:10.342","5bd96885-eb94-47d1-ab37-7c8ddc04e2f9","01CBS1SEG00001",NULL,NULL,NULL
"143366","S1BRE1SEG00001","SECURITY",NULL,"SECURITY","technoy.srv.ceo@marutidealers.com","9999999999","1",True,"4","9013","S1BRE1SEG00001","2025-06-04 02:58:58.124","2025-09-27 13:10:08.698","5bd96885-eb94-47d1-ab37-7c8ddc04e2f9","S1BRE1SEG00001",NULL,NULL,NULL
"143373","01SKO1SEG00001","SECURITY",NULL,"SECURITY","technoy.srv.ceo@marutidealers.com","9999999999","1",True,"4","11373","01SKO1SEG00001","2025-06-04 02:59:03.309","2025-09-27 13:10:12.511","5bd96885-eb94-47d1-ab37-7c8ddc04e2f9","01SKO1SEG00001",NULL,NULL,NULL
"143371","01K9NASEG00001","SECURITY",NULL,"SECURITY","technoy.srv.ceo@marutidealers.com","9999999999","1",True,"4","11239","01K9NASEG00001","2025-06-04 02:59:01.737","2025-09-27 13:10:11.412","5bd96885-eb94-47d1-ab37-7c8ddc04e2f9","01K9NASEG00001",NULL,NULL,NULL
"143364","034903SEG00001","SECURITY",NULL,"SECURITY","technoy.srv.ceo@marutidealers.com","9999999999","1",True,"4","1660","034903SEG00001","2025-06-04 02:58:56.73","2025-09-27 13:10:07.487","5bd96885-eb94-47d1-ab37-7c8ddc04e2f9","034903SEG00001",NULL,NULL,NULL
"78567","844843","LAKSHMI R",NULL,"LAKSHMI R","autotechennai@yahoo.com","9176676807","1",True,"4",NULL,"844843","2023-10-13 05:39:00.961","2025-06-19 19:00:29.006","b3c848f8-192d-49ec-b4e3-8df749389c67","MOBILE_UPDATE_API",NULL,NULL,NULL
"86685","824904","PRASHANT YADAV",NULL,"PRASHANT YADAV","technoy.hrm@gmail.com","8905992939","1",True,"4",NULL,"824904","2023-10-26 08:19:39.73","2025-10-01 02:49:43.793","de43c784-d104-4d41-87ae-7b7a7ca6f1fe","MOBILE_UPDATE_API",NULL,NULL,NULL
"84916","271386","KISHORE MENARIA",NULL,"KISHORE MENARIA","technoy.hrm@gmail.com","9530396878","1",True,"4",NULL,"271386","2023-10-26 07:55:10.665","2025-11-29 10:04:20.639","de43c784-d104-4d41-87ae-7b7a7ca6f1fe","MOBILE_UPDATE_API",NULL,NULL,NULL
"203833",NULL,"Namrita","Shrivastav","Namrita","NS001157282@techmahindra.com","9120567176","1",True,"4","198265","1157282@maruticrm.onmicrosoft.com","2025-11-18 12:38:57.178",NULL,"60f3db66-cacb-41d1-bf19-8330b9f24c96",NULL,NULL,NULL,NULL
"37779","750201CCE00003","TECHI",NULL,"TECHI","renutechi80@gmail.com","9362167716","1",True,"4","7274","750201CCE00003","2022-12-02 11:20:45.367","2025-06-05 04:39:23.006","2935ac39-4e8f-4428-a7b0-dee66e2940bb","750201CCE00003",NULL,NULL,NULL
"198432",NULL,"Hassan","Fareed","Hassan","HF00999065@techmahindra.com","7550285549","1",True,"4","198265","999065@maruticrm.onmicrosoft.com","2025-11-18 07:41:42.141",NULL,"60f3db66-cacb-41d1-bf19-8330b9f24c96",NULL,NULL,NULL,"Male"
"143367","0149NBSEG00001","Security",NULL,"SECURITY","technoy.srv.ceo@marutidealers.com","9999999999","1",True,"4","9672","0149NBSEG00001","2025-06-04 02:58:58.798","2025-09-27 13:10:09.238","5bd96885-eb94-47d1-ab37-7c8ddc04e2f9","0149NBSEG00001",NULL,NULL,NULL
"143368","S1CBR1SEG00001","SECURITY",NULL,"SECURITY","technoy.srv.ceo@marutidealers.com","9999999999","1",True,"4","8947","S1CBR1SEG00001","2025-06-04 02:58:59.512","2025-09-27 13:10:09.784","5bd96885-eb94-47d1-ab37-7c8ddc04e2f9","S1CBR1SEG00001",NULL,NULL,NULL
"143372","01SEE1SEG00001","SECURITY",NULL,"SECURITY","technoy.srv.ceo@marutidealers.com","9999999999","1",True,"4","10722","01SEE1SEG00001","2025-06-04 02:59:02.566","2025-09-27 13:10:11.969","5bd96885-eb94-47d1-ab37-7c8ddc04e2f9","01SEE1SEG00001",NULL,NULL,NULL
"198423",NULL,"Vikas","Verma","Vikas","VV001156551@techmahindra.com","8471099237","1",True,"4","198265","1156551@maruticrm.onmicrosoft.com","2025-11-18 07:25:19.072",NULL,"60f3db66-cacb-41d1-bf19-8330b9f24c96",NULL,NULL,NULL,NULL
"198438",NULL,"Harini","D","Harini","HD001156801@techmahindra.com","6374419104","1",True,"4","198265","1156801@maruticrm.onmicrosoft.com","2025-11-18 08:03:28.18",NULL,"60f3db66-cacb-41d1-bf19-8330b9f24c96",NULL,NULL,NULL,NULL
"198433",NULL,"Karthikeyan","-","Karthikeyan","KD001154857@techmahindra.com","7550240382","1",True,"4","198265","1154857@maruticrm.onmicrosoft.com","2025-11-18 07:46:52.994",NULL,"60f3db66-cacb-41d1-bf19-8330b9f24c96",NULL,NULL,NULL,"Male"
"198436",NULL,"M","Aiswarya","M","MA001156804@techmahindra.com","6382300829","1",True,"4","198265","1156804@maruticrm.onmicrosoft.com","2025-11-18 07:54:35.246",NULL,"60f3db66-cacb-41d1-bf19-8330b9f24c96",NULL,NULL,NULL,NULL
"198437",NULL,"Sujith","S","Sujith","SS001156803@techmahindra.com","9043430206","1",True,"4","198265","1156803@maruticrm.onmicrosoft.com","2025-11-18 08:01:12.786",NULL,"60f3db66-cacb-41d1-bf19-8330b9f24c96",NULL,NULL,NULL,NULL
"198439",NULL,"Lam","Thambi","Lam","LK001156800@techmahindra.com","7013195191","1",True,"4","198265","1156800@maruticrm.onmicrosoft.com","2025-11-18 08:06:25.362",NULL,"60f3db66-cacb-41d1-bf19-8330b9f24c96",NULL,NULL,NULL,"Male"
"204164",NULL,"Mahima","Shrivastav","Mahima","MS001157278@techmahindra.com","7275284528","1",True,"4","198265","1157278@maruticrm.onmicrosoft.com","2025-11-18 12:41:06.344",NULL,"60f3db66-cacb-41d1-bf19-8330b9f24c96",NULL,NULL,NULL,NULL
"198441",NULL,"Vayyavuru","Prathap","Vayyavuru","VP001156799@techmahindra.com","9014092738","1",True,"4","198265","1156799@maruticrm.onmicrosoft.com","2025-11-18 08:09:18.608",NULL,"60f3db66-cacb-41d1-bf19-8330b9f24c96",NULL,NULL,NULL,NULL
"198444",NULL,"Jayothi","J","Jayothi","JL001156797@techmahindra.com","8072971804","1",True,"4","198265","1156797@maruticrm.onmicrosoft.com","2025-11-18 08:11:04.374",NULL,"60f3db66-cacb-41d1-bf19-8330b9f24c96",NULL,NULL,NULL,NULL
"139974","963411","UMENDRA DAYMA",NULL,"UMENDRA DAYMA","technoy.tdm@gmail.com","9773318507","1",True,"4",NULL,"963411","2025-05-19 13:20:04.115","2025-09-19 19:00:36.74","23a35a5c-d0ac-4022-b8e4-83a3fe593606","MOBILE_UPDATE_API",NULL,NULL,NULL
"198480","VijayakumarSekar","Vijayakumar","Sekar","Vijayakumar","VS001156792@techmahindra.com","6379798882","1",True,"4","198265","1156792@maruticrm.onmicrosoft.com","2025-11-18 09:22:46.319",NULL,"c1a6ac30-6ee4-42bd-b9b8-c2fc0bfce85f",NULL,NULL,"",""
"198479","PreethiA","Preethi","A","Preethi","PA001156794@techmahindra.com","8220814427","1",True,"4","198265","1156794@maruticrm.onmicrosoft.com","2025-11-18 09:22:44.277",NULL,"c1a6ac30-6ee4-42bd-b9b8-c2fc0bfce85f",NULL,NULL,"",""
"198520",NULL,"Rahul","Kanna","Rahul","RK001156865@techmahindra.com","9566124274","1",True,"4","198265","1156865@maruticrm.onmicrosoft.com","2025-11-18 10:29:46.124",NULL,"60f3db66-cacb-41d1-bf19-8330b9f24c96",NULL,NULL,NULL,NULL
"198495","NarayanaNadapana","Narayana","Nadapana","Narayana","NN00989344@techmahindra.com","9679196802","1",True,"4","198265","989344@maruticrm.onmicrosoft.com","2025-11-18 09:22:53.219",NULL,"c1a6ac30-6ee4-42bd-b9b8-c2fc0bfce85f",NULL,NULL,"",""
"198516",NULL,"Shobana","V","Shobana","SV001156796@techmahindra.com","7358503273","1",True,"4","198265","1156796@maruticrm.onmicrosoft.com","2025-11-18 10:25:16.753",NULL,"60f3db66-cacb-41d1-bf19-8330b9f24c96",NULL,NULL,NULL,NULL
"198536",NULL,"Akash","S","Akash","AS001156872@techmahindra.com","8124990248","1",True,"4","198265","1156872@maruticrm.onmicrosoft.com","2025-11-18 10:39:42.866",NULL,"60f3db66-cacb-41d1-bf19-8330b9f24c96",NULL,NULL,NULL,NULL
"198527",NULL,"Mohamed","M","Mohamed","MM001156868@techmahindra.com","9003123909","1",True,"4","198265","1156868@maruticrm.onmicrosoft.com","2025-11-18 10:35:33.799",NULL,"60f3db66-cacb-41d1-bf19-8330b9f24c96",NULL,NULL,NULL,NULL
"198529",NULL,"Mahendran","P","Mahendran","MP001156870@techmahindra.com","9790275153","1",True,"4","198265","1156870@maruticrm.onmicrosoft.com","2025-11-18 10:37:27.243",NULL,"60f3db66-cacb-41d1-bf19-8330b9f24c96",NULL,NULL,NULL,NULL
"198522",NULL,"Vignesh","V","Vignesh","VV001156866@techmahindra.com","9384425093","1",True,"4","198265","1156866@maruticrm.onmicrosoft.com","2025-11-18 10:32:07.14",NULL,"60f3db66-cacb-41d1-bf19-8330b9f24c96",NULL,NULL,NULL,NULL
"198541",NULL,"Ashika","K","Ashika","AR001156844@techmahindra.com","9578121316","1",True,"4","198265","1156844@maruticrm.onmicrosoft.com","2025-11-18 10:45:53.642",NULL,"60f3db66-cacb-41d1-bf19-8330b9f24c96",NULL,NULL,NULL,NULL
"198539",NULL,"Sangamithra","G","Sangamithra","SR001156873@techmahindra.com","9344658860","1",True,"4","198265","1156873@maruticrm.onmicrosoft.com","2025-11-18 10:42:03.221",NULL,"60f3db66-cacb-41d1-bf19-8330b9f24c96",NULL,NULL,NULL,NULL
"198555",NULL,"Karthikeyan","_","Karthikeyan","KX001156840@techmahindra.com","6374096726","1",True,"4","198265","1156840@maruticrm.onmicrosoft.com","2025-11-18 10:51:06.332",NULL,"60f3db66-cacb-41d1-bf19-8330b9f24c96",NULL,NULL,NULL,NULL
"198543",NULL,"Keerthana","K","Keerthana","KK001156842@techmahindra.com","7397227623","1",True,"4","198265","1156842@maruticrm.onmicrosoft.com","2025-11-18 10:48:24.415",NULL,"60f3db66-cacb-41d1-bf19-8330b9f24c96",NULL,NULL,NULL,NULL
"198564",NULL,"Kancherla","Chowdary","Kancherla","KA001156830@techmahindra.com","8886892584","1",True,"4","198265","1156830@maruticrm.onmicrosoft.com","2025-11-18 11:02:36.287",NULL,"60f3db66-cacb-41d1-bf19-8330b9f24c96",NULL,NULL,NULL,NULL
"198560",NULL,"Sahana","-","Sahana","SX001156834@techmahindra.com","9740253102","1",True,"4","198265","1156834@maruticrm.onmicrosoft.com","2025-11-18 10:58:00.249",NULL,"60f3db66-cacb-41d1-bf19-8330b9f24c96",NULL,NULL,NULL,NULL
"198557",NULL,"Divya","L","Divya","DL001156838@techmahindra.com","8428600160","1",True,"4","198265","1156838@maruticrm.onmicrosoft.com","2025-11-18 10:54:54.911",NULL,"60f3db66-cacb-41d1-bf19-8330b9f24c96",NULL,NULL,NULL,NULL
"198562",NULL,"Gokul","Pillai","Gokul","GP001156832@techmahindra.com","9544121574","1",True,"4","198265","1156832@maruticrm.onmicrosoft.com","2025-11-18 11:00:43.033",NULL,"60f3db66-cacb-41d1-bf19-8330b9f24c96",NULL,NULL,NULL,NULL
"198565",NULL,"Pooja","R","Pooja","PE001156829@techmahindra.com","9746754554","1",True,"4","198265","1156829@maruticrm.onmicrosoft.com","2025-11-18 11:04:45.848",NULL,"60f3db66-cacb-41d1-bf19-8330b9f24c96",NULL,NULL,NULL,NULL
"198568",NULL,"Kanagani","Sivasankara","Kanagani","KS001156828@techmahindra.com","8688240198","1",True,"4","198265","1156828@maruticrm.onmicrosoft.com","2025-11-18 11:06:46.309",NULL,"60f3db66-cacb-41d1-bf19-8330b9f24c96",NULL,NULL,NULL,NULL
"198569",NULL,"Rounak","Tandan","Rounak","RT001154249@techmahindra.com","7800473373","1",True,"4","198265","1154249@maruticrm.onmicrosoft.com","2025-11-18 11:08:50.658",NULL,"60f3db66-cacb-41d1-bf19-8330b9f24c96",NULL,NULL,NULL,NULL
"198587","ReenuPasi","Reenu","Pasi","Reenu","RP001156533@techmahindra.com","9997943771","1",True,"4","198265","1156533@maruticrm.onmicrosoft.com","2025-11-18 11:12:39.932",NULL,"c1a6ac30-6ee4-42bd-b9b8-c2fc0bfce85f",NULL,NULL,"",""
"198577","AayushiSen","Aayushi","Sen","Aayushi","AS001156234@techmahindra.com","9193086632","1",True,"4","198265","1156234@maruticrm.onmicrosoft.com","2025-11-18 11:12:35.064",NULL,"c1a6ac30-6ee4-42bd-b9b8-c2fc0bfce85f",NULL,NULL,"",""
"198576","AnuragMalik","Anurag","Malik","Anurag","AM001156530@techmahindra.com","9027129102","1",True,"4","198265","1156530@maruticrm.onmicrosoft.com","2025-11-18 11:12:34.646",NULL,"c1a6ac30-6ee4-42bd-b9b8-c2fc0bfce85f",NULL,NULL,"",""
"198584","GarimaMarodia","Garima","Marodia","Garima","GM001156535@techmahindra.com","8471087321","1",True,"4","198265","1156535@maruticrm.onmicrosoft.com","2025-11-18 11:12:38.452",NULL,"c1a6ac30-6ee4-42bd-b9b8-c2fc0bfce85f",NULL,NULL,"",""
"198585","JogindraSingh","Jogindra","Singh","Jogindra","JS001156532@techmahindra.com","9625132724","1",True,"4","198265","1156532@maruticrm.onmicrosoft.com","2025-11-18 11:12:38.866",NULL,"c1a6ac30-6ee4-42bd-b9b8-c2fc0bfce85f",NULL,NULL,"",""
"198586","MonikaGusain","Monika","Gusain","Monika","MG001156531@techmahindra.com","9899885693","1",True,"4","198265","1156531@maruticrm.onmicrosoft.com","2025-11-18 11:12:39.267",NULL,"c1a6ac30-6ee4-42bd-b9b8-c2fc0bfce85f",NULL,NULL,"",""
"198588",NULL,"Sharmila","S","Sharmila","SS001156836@techmahindra.com","9036152793","1",True,"4","198265","1156836@maruticrm.onmicrosoft.com","2025-11-18 11:13:57.829",NULL,"60f3db66-cacb-41d1-bf19-8330b9f24c96",NULL,NULL,NULL,NULL
"198593",NULL,"Riya","Mishra","Riya","RM001154255@techmahindra.com","9569324198","1",True,"4","198265","1154255@maruticrm.onmicrosoft.com","2025-11-18 11:17:33.585",NULL,"60f3db66-cacb-41d1-bf19-8330b9f24c96",NULL,NULL,NULL,NULL
"198591",NULL,"Nayanshi","Chowdhary","Nayanshi","NC001154269@techmahindra.com","6399747189","1",True,"4","198265","1154269@maruticrm.onmicrosoft.com","2025-11-18 11:14:53.024",NULL,"60f3db66-cacb-41d1-bf19-8330b9f24c96",NULL,NULL,NULL,NULL
"198592",NULL,"Shriraajprabhu","-","Shriraajprabhu","SX001156845@techmahindra.com","9962795859","1",True,"4","198265","1156845@maruticrm.onmicrosoft.com","2025-11-18 11:16:54.959",NULL,"60f3db66-cacb-41d1-bf19-8330b9f24c96",NULL,NULL,NULL,NULL
"204546",NULL,"Gaurav","Wadhwa","Gaurav","GW001157279@techmahindra.com","8979956328","1",True,"4","198265","1157279@maruticrm.onmicrosoft.com","2025-11-18 12:43:43.808",NULL,"60f3db66-cacb-41d1-bf19-8330b9f24c96",NULL,NULL,NULL,NULL
"198712",NULL,"Saimathi","Siva","Saimathi","SS001156847@techmahindra.com","8939248146","1",True,"4","198265","1156847@maruticrm.onmicrosoft.com","2025-11-18 11:20:32.659",NULL,"60f3db66-cacb-41d1-bf19-8330b9f24c96",NULL,NULL,NULL,NULL
"26686","490303Admin00001","KISHOR",NULL,"KISHOR","technoy.srv.ceo@marutidealers.com","9530396878","1",True,"4","1660","490303Admin00001","2022-11-16 02:09:29.913","2025-09-27 09:16:09.501","5bd96885-eb94-47d1-ab37-7c8ddc04e2f9","490303Admin00001",NULL,NULL,NULL
"150792","391410","MAHENDRA NAGDA",NULL,"MAHENDRA NAGDA","technoy.hrm@gmail.com","9530396802","1",True,"4",NULL,"391410","2025-07-23 09:26:18.6",NULL,"79c621c5-65d4-440b-a931-8cef33220f5e",NULL,NULL,NULL,NULL
"198643",NULL,"Roohul","Ameen","Roohul","RA001154256@techmahindra.com","8448565613","1",True,"4","198265","1154256@maruticrm.onmicrosoft.com","2025-11-18 11:19:23.29",NULL,"60f3db66-cacb-41d1-bf19-8330b9f24c96",NULL,NULL,NULL,NULL
"204643",NULL,"Rahul","Tomar","Rahul","RT001157799@techmahindra.com","9873621919","1",True,"4","198265","1157799@maruticrm.onmicrosoft.com","2025-11-18 12:45:40.424",NULL,"60f3db66-cacb-41d1-bf19-8330b9f24c96",NULL,NULL,NULL,NULL
"46487","490302CCE00013","MAHIVARDHAN",NULL,"MAHIVARDHAN","technoybackoffice@marutidealers.com","8306300663","1",True,"4","7766","490302CCE00013","2023-03-17 04:53:47.819","2025-09-27 11:18:19.965","f66dc62d-a757-41c6-a865-02f704092414","490302CCE00013",NULL,NULL,NULL
"53237","SQN101Admin00001","SQN1-01",NULL,"SQN1-01","technoy.srv.ceo@marutidealers.com","9530396878","1",True,"4","46936","SQN101Admin00001","2023-06-12 15:11:53.72","2025-09-27 11:31:34.965","5bd96885-eb94-47d1-ab37-7c8ddc04e2f9","SQN101Admin00001",NULL,NULL,NULL
"74604","490302CCM00002","VASIM",NULL,"VASIM","technoy.hrm@gmail.com","9982277568","1",True,"4","7766","490302CCM00002","2023-10-09 06:32:30.349","2025-11-13 08:56:15.789","f66dc62d-a757-41c6-a865-02f704092414","490302CCM00002",NULL,NULL,NULL
"36486","CRY101CCM00001","SUSHIL",NULL,"SUSHIL","technoy.rvd.wm@marutidealers.com","9530396882","1",True,"4","8131","CRY101CCM00001","2022-11-28 11:40:20.069","2025-09-27 10:28:35.362","065094eb-5c35-463f-bfdc-154b2906dcca","CRY101CCM00001",NULL,NULL,NULL
"82380","490302CCE00025","JYOTI",NULL,"JYOTI","technoy.udp.ccm1@marutidealers.com","9530396876","1",True,"4","7766","490302CCE00025","2023-10-17 09:17:45.456","2025-09-27 11:50:14.301","f66dc62d-a757-41c6-a865-02f704092414","490302CCE00025",NULL,NULL,NULL
"198919","1011860","DHEERAJ DHARMAWAT",NULL,"DHEERAJ DHARMAWAT","technoy.tdm@gmail.com","9414163187","1",True,"4",NULL,"1011860","2025-11-18 11:22:20.396",NULL,"79c621c5-65d4-440b-a931-8cef33220f5e",NULL,NULL,NULL,NULL
"150823","455101CCM00001","4551-01",NULL,"4551-01","autotechengineers@yahoo.co.in","9811608008","1",True,"4","6787","455101CCM00001","2025-07-23 11:06:38.348","2025-09-27 14:06:23.559","5bd96885-eb94-47d1-ab37-7c8ddc04e2f9","455101CCM00001",NULL,NULL,NULL
"198915","511903","ASHOK PATEL",NULL,"ASHOK PATEL","srm2.technoy@gmail.com","9783112184","1",True,"4",NULL,"511903","2025-11-18 11:22:18.868",NULL,"79c621c5-65d4-440b-a931-8cef33220f5e",NULL,NULL,NULL,NULL
"99198","X2NA01CCM00001","HARSHVARDHAN",NULL,"HARSHVARDHAN","technoy.rsm.qm@nexadealer.com","9257028053","1",True,"4","96302","X2NA01CCM00001","2024-03-19 11:02:54.16","2025-09-27 12:19:40.002","f66dc62d-a757-41c6-a865-02f704092414","X2NA01CCM00001",NULL,NULL,NULL
"198803",NULL,"Pratyush","Parashar","Pratyush","PP001154257@techmahindra.com","7717767057","1",True,"4","198265","1154257@maruticrm.onmicrosoft.com","2025-11-18 11:21:23.506",NULL,"60f3db66-cacb-41d1-bf19-8330b9f24c96",NULL,NULL,NULL,NULL
"82812","T20201Admin00001","T202-01",NULL,"T202-01","gm_ws_ecotech@vipulmotors.com","8448598222","1",True,"4","58204","T20201Admin00001","2023-10-19 12:47:44.472","2025-09-27 12:01:28.322","5bd96885-eb94-47d1-ab37-7c8ddc04e2f9","T20201Admin00001",NULL,NULL,NULL
"143370","01CRY1SEG00001","SECURITY",NULL,"SECURITY","technoy.srv.ceo@marutidealers.com","9999999999","1",True,"4","8131","01CRY1SEG00001","2025-06-04 02:59:00.98","2025-09-27 13:10:10.867","5bd96885-eb94-47d1-ab37-7c8ddc04e2f9","01CRY1SEG00001",NULL,NULL,NULL
"198962",NULL,"Sankaran","A","Sankaran","SA001156849@techmahindra.com","9884154889","1",True,"4","198265","1156849@maruticrm.onmicrosoft.com","2025-11-18 11:22:36.244",NULL,"60f3db66-cacb-41d1-bf19-8330b9f24c96",NULL,NULL,NULL,NULL
"204644",NULL,"Vishal","Gupta","Vishal","VG001157635@techmahindra.com","7400580091","1",True,"4","198265","1157635@maruticrm.onmicrosoft.com","2025-11-18 12:48:00.901",NULL,"60f3db66-cacb-41d1-bf19-8330b9f24c96",NULL,NULL,NULL,NULL
"204645",NULL,"Mayank","Shrivastav","Mayank","MS001157652@techmahindra.com","8236022545","1",True,"4","198265","1157652@maruticrm.onmicrosoft.com","2025-11-18 12:51:48.93",NULL,"60f3db66-cacb-41d1-bf19-8330b9f24c96",NULL,NULL,NULL,NULL
"151074","312301CCM00001","3123-01",NULL,"3123-01","hitechauto@ymail.com","9835044502","1",True,"4","6047","312301CCM00001","2025-07-23 11:11:22.159","2025-09-27 14:08:22.221","5bd96885-eb94-47d1-ab37-7c8ddc04e2f9","312301CCM00001",NULL,NULL,NULL
"151578","566201CCM00001","5662-01",NULL,"5662-01","teamtechautomobiles@yahoo.co.in","9538516111","1",True,"4","10625","566201CCM00001","2025-07-23 11:17:43.937","2025-09-27 14:12:55.118","5bd96885-eb94-47d1-ab37-7c8ddc04e2f9","566201CCM00001",NULL,NULL,NULL
"204647",NULL,"Mohd","Faiz","Mohd","MF001157631@techmahindra.com","8512819386","1",True,"4","198265","1157631@maruticrm.onmicrosoft.com","2025-11-18 12:53:48.621",NULL,"60f3db66-cacb-41d1-bf19-8330b9f24c96",NULL,NULL,NULL,NULL
"151623","244001CCM00001","2440-01",NULL,"2440-01","motortechmgdi@gmail.com","9539195850","1",True,"4","7133","244001CCM00001","2025-07-23 11:18:17.638","2025-09-27 14:13:15.816","5bd96885-eb94-47d1-ab37-7c8ddc04e2f9","244001CCM00001",NULL,NULL,NULL
"151567","454701CCM00001","4547-01",NULL,"4547-01","solotechkumta@rediffmail.com","9448149607","1",True,"4","5995","454701CCM00001","2025-07-23 11:17:36.006","2025-09-27 14:12:50.12","5bd96885-eb94-47d1-ab37-7c8ddc04e2f9","454701CCM00001",NULL,NULL,NULL
"151568","276001CCM00001","2760-01",NULL,"2760-01","solotechone@yahoo.com","9845072603","1",True,"4","6228","276001CCM00001","2025-07-23 11:17:36.7","2025-09-27 14:12:50.594","5bd96885-eb94-47d1-ab37-7c8ddc04e2f9","276001CCM00001",NULL,NULL,NULL
"151448","344501CCM00001","3445-01",NULL,"3445-01","autotechchennai@yahoo.com","9941019455","1",True,"4","7190","344501CCM00001","2025-07-23 11:16:05.032","2025-09-27 14:11:53.941","5bd96885-eb94-47d1-ab37-7c8ddc04e2f9","344501CCM00001",NULL,NULL,NULL
"151475","167101CCM00001","1671-01",NULL,"1671-01","shahulmtech@gmail.com","9842653718","1",True,"4","7095","167101CCM00001","2025-07-23 11:16:25.287","2025-09-27 14:12:06.819","5bd96885-eb94-47d1-ab37-7c8ddc04e2f9","167101CCM00001",NULL,NULL,NULL
"151167","482101CCM00001","4821-01",NULL,"4821-01","hitech066@gmail.com","7302352660","1",True,"4","6534","482101CCM00001","2025-07-23 11:12:31.211","2025-09-27 14:09:05.116","5bd96885-eb94-47d1-ab37-7c8ddc04e2f9","482101CCM00001",NULL,NULL,NULL
"204653",NULL,"Katyayni","NA","Katyayni","KX001157607@techmahindra.com","9051094465","1",True,"4","198265","1157607@maruticrm.onmicrosoft.com","2025-11-18 12:57:37.67",NULL,"60f3db66-cacb-41d1-bf19-8330b9f24c96",NULL,NULL,NULL,NULL
"151507","264001CCM00001","2640-01",NULL,"2640-01","sankaritech@tech-zone.in","9942444753","1",True,"4","10803","264001CCM00001","2025-07-23 11:16:49.856","2025-09-27 14:12:22.176","5bd96885-eb94-47d1-ab37-7c8ddc04e2f9","264001CCM00001",NULL,NULL,NULL
"151522","344801CCM00001","3448-01",NULL,"3448-01","autotechkoppa@yahoo.com","9448156950","1",True,"4","10595","344801CCM00001","2025-07-23 11:17:01.5","2025-09-27 14:12:29.163","5bd96885-eb94-47d1-ab37-7c8ddc04e2f9","344801CCM00001",NULL,NULL,NULL
"151600","195101CCM00001","1951-01",NULL,"1951-01","hitechtvm1950@gmail.com","9447732057","1",True,"4","5495","195101CCM00001","2025-07-23 11:18:00.511","2025-09-27 14:13:05.267","5bd96885-eb94-47d1-ab37-7c8ddc04e2f9","195101CCM00001",NULL,NULL,NULL
"204654",NULL,"Hema","Bisht","Hema","HB001157605@techmahindra.com","7303129030","1",True,"4","198265","1157605@maruticrm.onmicrosoft.com","2025-11-18 12:59:25.888",NULL,"60f3db66-cacb-41d1-bf19-8330b9f24c96",NULL,NULL,NULL,NULL
"151463","323101CCM00001","3231-01",NULL,"3231-01","hitechmaruticdm@gmail.com","9585538671","1",True,"4","6653","323101CCM00001","2025-07-23 11:16:15.925","2025-09-27 14:12:00.992","5bd96885-eb94-47d1-ab37-7c8ddc04e2f9","323101CCM00001",NULL,NULL,NULL
"199314",NULL,"Piyush","Gupta","Piyush","PG001154248@techmahindra.com","6395804042","1",True,"4","198265","1154248@maruticrm.onmicrosoft.com","2025-11-18 11:24:54.342",NULL,"60f3db66-cacb-41d1-bf19-8330b9f24c96",NULL,NULL,NULL,NULL
"204657",NULL,"Suman","Saurav","Suman","SS001157648@techmahindra.com","9508758155","1",True,"4","198265","1157648@maruticrm.onmicrosoft.com","2025-11-18 13:03:16.948",NULL,"60f3db66-cacb-41d1-bf19-8330b9f24c96",NULL,NULL,NULL,NULL
"139963","1175040","LASAM KUMAR",NULL,"LASAM KUMAR","technoy.tdm@gmail.com","9773318507","1",True,"4",NULL,"1175040","2025-05-19 13:19:56.778","2025-11-25 09:17:17.048","23a35a5c-d0ac-4022-b8e4-83a3fe593606","MOBILE_UPDATE_API",NULL,NULL,NULL
"199335",NULL,"Snega","G","Snega","SG001156850@techmahindra.com","9600954385","1",True,"4","198265","1156850@maruticrm.onmicrosoft.com","2025-11-18 11:25:01.845",NULL,"60f3db66-cacb-41d1-bf19-8330b9f24c96",NULL,NULL,NULL,NULL
"151569","524501CCM00001","5245-01",NULL,"5245-01","solotech2@gmail.com","9845772634","1",True,"4","10186","524501CCM00001","2025-07-23 11:17:37.432","2025-09-27 14:12:51.059","5bd96885-eb94-47d1-ab37-7c8ddc04e2f9","524501CCM00001",NULL,NULL,NULL
"151629","197801CCM00001","1978-01",NULL,"1978-01","newtechcgnrin@rediffmail.com","9388915757","1",True,"4","6466","197801CCM00001","2025-07-23 11:18:22.017","2025-09-27 14:13:18.581","5bd96885-eb94-47d1-ab37-7c8ddc04e2f9","197801CCM00001",NULL,NULL,NULL
"151685","145901CCM00001","1459-01",NULL,"1459-01","srishiridisaitech@gmail.com","9848633336","1",True,"4","7182","145901CCM00001","2025-07-23 11:19:05.789","2025-09-27 14:13:44.848","5bd96885-eb94-47d1-ab37-7c8ddc04e2f9","145901CCM00001",NULL,NULL,NULL
"151787","445101CCM00001","4451-01",NULL,"4451-01","hitech_auto_services@yahoo.com","9225142471","1",True,"4","6028","445101CCM00001","2025-07-23 11:20:21.243","2025-09-27 14:14:32.506","5bd96885-eb94-47d1-ab37-7c8ddc04e2f9","445101CCM00001",NULL,NULL,NULL
"151849","174801CCM00001","1748-01",NULL,"1748-01","emperorcartech@yahoo.in","9825033396","1",True,"4","10661","174801CCM00001","2025-07-23 11:21:08.464","2025-09-27 14:15:02.039","5bd96885-eb94-47d1-ab37-7c8ddc04e2f9","174801CCM00001",NULL,NULL,NULL
"204658",NULL,"Abhishek","Kumar","Abhishek","AK001157608@techmahindra.com","9625980092","1",True,"4","198265","1157608@maruticrm.onmicrosoft.com","2025-11-18 13:07:02.245",NULL,"60f3db66-cacb-41d1-bf19-8330b9f24c96",NULL,NULL,NULL,NULL
"204659",NULL,"Prachi","Sharma","Prachi","PX001157614@techmahindra.com","7668941023","1",True,"4","198265","1157614@maruticrm.onmicrosoft.com","2025-11-18 13:10:04.797",NULL,"60f3db66-cacb-41d1-bf19-8330b9f24c96",NULL,NULL,NULL,NULL
"204665",NULL,"Monika","NA","Monika","MX001158006@techmahindra.com","9536951888","1",True,"4","198265","1158006@maruticrm.onmicrosoft.com","2025-11-18 13:24:07.716",NULL,"60f3db66-cacb-41d1-bf19-8330b9f24c96",NULL,NULL,NULL,NULL
"204660",NULL,"Shreya","Pathak","Shreya","SP001157650@techmahindra.com","9260916184","1",True,"4","198265","1157650@maruticrm.onmicrosoft.com","2025-11-18 13:12:11.268",NULL,"60f3db66-cacb-41d1-bf19-8330b9f24c96",NULL,NULL,NULL,NULL
"204662",NULL,"Ayush","Otwal","Ayush","AO001157997@techmahindra.com","9289053269","1",True,"4","198265","1157997@maruticrm.onmicrosoft.com","2025-11-18 13:16:32.014",NULL,"60f3db66-cacb-41d1-bf19-8330b9f24c96",NULL,NULL,NULL,NULL
"204661",NULL,"Arpita","Tripathi","Arpita","AT001157632@techmahindra.com","8687830662","1",True,"4","198265","1157632@maruticrm.onmicrosoft.com","2025-11-18 13:14:20.473",NULL,"60f3db66-cacb-41d1-bf19-8330b9f24c96",NULL,NULL,NULL,NULL
"204663",NULL,"Aniket","Kumar","Aniket","AK001158005@techmahindra.com","9012659292","1",True,"4","198265","1158005@maruticrm.onmicrosoft.com","2025-11-18 13:20:20.427",NULL,"60f3db66-cacb-41d1-bf19-8330b9f24c96",NULL,NULL,NULL,NULL
"204666",NULL,"Manisha","NA","Manisha","MC001158007@techmahindra.com","8449580319","1",True,"4","198265","1158007@maruticrm.onmicrosoft.com","2025-11-18 13:26:34.136",NULL,"60f3db66-cacb-41d1-bf19-8330b9f24c96",NULL,NULL,NULL,NULL
"54244","4903DAdmin00001","HIMANSHU",NULL,"2363 ADMIN","technoy.insurance@gmail.com","9982667806","1",True,"4","7766","4903DAdmin00001","2023-06-22 08:48:04.355","2025-08-01 11:28:08.854","5bd96885-eb94-47d1-ab37-7c8ddc04e2f9","4903DAdmin00001",NULL,NULL,NULL
"199567",NULL,"N","Swetha","N","NS001156852@techmahindra.com","9677097764","1",True,"4","198265","1156852@maruticrm.onmicrosoft.com","2025-11-18 11:26:38.521",NULL,"60f3db66-cacb-41d1-bf19-8330b9f24c96",NULL,NULL,NULL,NULL
"199626",NULL,"Ashish","Choudhary","Ashish","AC001154268@techmahindra.com","9318484609","1",True,"4","198265","1154268@maruticrm.onmicrosoft.com","2025-11-18 11:26:59.02",NULL,"60f3db66-cacb-41d1-bf19-8330b9f24c96",NULL,NULL,NULL,NULL
"200422",NULL,"Godavarthi","Saikrishna","Godavarthi","GS001156857@techmahindra.com","6303961459","1",True,"4","198265","1156857@maruticrm.onmicrosoft.com","2025-11-18 11:31:44.299",NULL,"60f3db66-cacb-41d1-bf19-8330b9f24c96",NULL,NULL,NULL,NULL
"199811",NULL,"Pradeep","B","Pradeep","PB001156854@techmahindra.com","9381259281","1",True,"4","198265","1156854@maruticrm.onmicrosoft.com","2025-11-18 11:28:07.153",NULL,"60f3db66-cacb-41d1-bf19-8330b9f24c96",NULL,NULL,NULL,NULL
"200007",NULL,"Nikhil","KumarSingh","Nikhil","NS001154251@techmahindra.com","9598382983","1",True,"4","198265","1154251@maruticrm.onmicrosoft.com","2025-11-18 11:29:32.741",NULL,"60f3db66-cacb-41d1-bf19-8330b9f24c96",NULL,NULL,NULL,NULL
"200083",NULL,"Divya","R","Divya","DR001156855@techmahindra.com","9840619263","1",True,"4","198265","1156855@maruticrm.onmicrosoft.com","2025-11-18 11:29:57.681",NULL,"60f3db66-cacb-41d1-bf19-8330b9f24c96",NULL,NULL,NULL,NULL
"200144","1292301","MANDAKINI BORA",NULL,"MANDAKINI BORA","nishantjain@jaincoautotech.com",NULL,"1",True,"4",NULL,"1292301","2025-11-18 11:30:17.566",NULL,"79c621c5-65d4-440b-a931-8cef33220f5e",NULL,NULL,NULL,NULL
"90253","1201919","GAURAV TATER",NULL,"GAURAV TATER","technoy.sales.ceo@marutidealers.com","8866681026","1",True,"4",NULL,"1201919","2023-11-17 09:50:56.631","2025-11-15 12:08:32.907","adf14d93-32a8-46b9-9550-077f1a826ab3","MOBILE_UPDATE_API",NULL,NULL,NULL
"7766","4903","TECHNOY MOTORS INDIA PVT. LTD.",NULL,"TECHNOY MOTORS INDIA PVT. LTD.","technoy.udp.fin1@marutidealers.com","7073468292","2",True,"2",NULL,NULL,"2022-05-04 15:51:52.145","2025-12-01 00:30:59.16","AmDealerLocSyncPaymentsJob","AmDealerLocSyncPaymentsJob",NULL,NULL,NULL
"200482",NULL,"Somya","Sharma","Somya","SS001154252@techmahindra.com","6397333189","1",True,"4","198265","1154252@maruticrm.onmicrosoft.com","2025-11-18 11:32:06.114",NULL,"60f3db66-cacb-41d1-bf19-8330b9f24c96",NULL,NULL,NULL,NULL
"201162",NULL,"Vishal","Kapoor","Vishal","VK001154266@techmahindra.com","8791909146","1",True,"4","198265","1154266@maruticrm.onmicrosoft.com","2025-11-18 11:35:51.96",NULL,"60f3db66-cacb-41d1-bf19-8330b9f24c96",NULL,NULL,NULL,NULL
"200574","1394537","Vikrant Jitani",NULL,"Vikrant Jitani","nishant@jaincoautotech.com",NULL,"1",True,"4",NULL,"1394537","2025-11-18 11:32:35.301",NULL,"79c621c5-65d4-440b-a931-8cef33220f5e",NULL,NULL,NULL,NULL
"200949",NULL,"Nandhini","S","Nandhini","NS001156858@techmahindra.com","9962386646","1",True,"4","198265","1156858@maruticrm.onmicrosoft.com","2025-11-18 11:34:29.552",NULL,"60f3db66-cacb-41d1-bf19-8330b9f24c96",NULL,NULL,NULL,NULL
"188659","1390869","VINOTH KUMAR M",NULL,"VINOTH KUMAR M","vinothbtech91@gmail.com","8220683144","1",True,"4",NULL,"1390869","2025-10-23 13:54:24.53",NULL,"60f3db66-cacb-41d1-bf19-8330b9f24c96",NULL,NULL,NULL,NULL
"201196",NULL,"Sneha","-","Sneha","SX001156784@techmahindra.com","9025591361","1",True,"4","198265","1156784@maruticrm.onmicrosoft.com","2025-11-18 11:36:57.305",NULL,"60f3db66-cacb-41d1-bf19-8330b9f24c96",NULL,NULL,NULL,NULL
"201199",NULL,"Anay","Gupta","Anay","AG001154294@techmahindra.com","8707029408","1",True,"4","198265","1154294@maruticrm.onmicrosoft.com","2025-11-18 11:38:16.82",NULL,"60f3db66-cacb-41d1-bf19-8330b9f24c96",NULL,NULL,NULL,NULL
"201238",NULL,"Aman","singh","Aman","AS001154258@techmahindra.com","9580050796","1",True,"4","198265","1154258@maruticrm.onmicrosoft.com","2025-11-18 11:40:44.977",NULL,"60f3db66-cacb-41d1-bf19-8330b9f24c96",NULL,NULL,NULL,NULL
"201202",NULL,"Harini","P","Harini","HP001156860@techmahindra.com","9884338868","1",True,"4","198265","1156860@maruticrm.onmicrosoft.com","2025-11-18 11:38:49.906",NULL,"60f3db66-cacb-41d1-bf19-8330b9f24c96",NULL,NULL,NULL,NULL
"110712","X202","TECHNOY MOTORS",NULL,"TECHNOY MOTORS","technoy.udp.sal1@marutidealers.com","9530396890","2",True,"2",NULL,NULL,"2024-08-10 00:30:40.814","2025-12-01 00:31:14.315","AmDealerLocSyncPaymentsJob","AmDealerLocSyncPaymentsJob",NULL,NULL,NULL
"87223","421656","SUSHIL SHARMA",NULL,"SUSHIL SHARMA","technoy.rvd.wm@marutidealers.com","9928820923","1",True,"4",NULL,"421656","2023-10-26 08:27:08.129","2025-11-01 11:57:23.247","de43c784-d104-4d41-87ae-7b7a7ca6f1fe","MOBILE_UPDATE_API",NULL,NULL,NULL
"124762","680784","MAYANK MOGRA",NULL,"MAYANK MOGRA","technoynexa.qm@nexadealer.com","9530396904","1",True,"4",NULL,"680784","2025-03-07 07:54:05.553","2025-11-10 14:17:27.636","23a35a5c-d0ac-4022-b8e4-83a3fe593606","MOBILE_UPDATE_API",NULL,NULL,NULL
"173542","1388695","AMAL VA",NULL,"AMAL VA","techmaijo@georgemaijo.com","7593878323","1",True,"4",NULL,"1388695","2025-10-06 10:04:53.803",NULL,"79c621c5-65d4-440b-a931-8cef33220f5e",NULL,NULL,NULL,NULL
"173577","1388715","RAHUL VR",NULL,"RAHUL VR","techmaijo@georgemaijo.com","7510401129","1",True,"4",NULL,"1388715","2025-10-06 10:05:00.084",NULL,"79c621c5-65d4-440b-a931-8cef33220f5e",NULL,NULL,NULL,NULL
"83533","177989","NIRMAL JI CHANDRAYAN",NULL,"NIRMAL JI CHANDRAYAN","technoy.uru.wm@marutidealers.com","9530396896","1",True,"4",NULL,"177989","2023-10-26 05:53:40.748","2025-11-20 05:42:14.586","d0836245-6132-4c6b-b8fd-02cc00bad5b0","MOBILE_UPDATE_API",NULL,NULL,NULL
"206260",NULL,"Mohd","Abdulla","Mohd","MA001162446@techmahindra.com","9719176232","1",True,"4","198265","1162446@maruticrm.onmicrosoft.com","2025-11-28 10:46:46.591",NULL,"60f3db66-cacb-41d1-bf19-8330b9f24c96",NULL,NULL,NULL,NULL
"1026","4903","TECHNOY MOTORS INDIA PVT. LTD.",NULL,"TECHNOY MOTORS INDIA PVT. LTD.","technoy.udp.sal1@marutidealers.com","0294-2485158","2",True,"2",NULL,NULL,"2022-05-04 15:51:16.466","2025-12-01 00:31:10.571","AmDealerLocSyncPaymentsJob","AmDealerLocSyncPaymentsJob",NULL,NULL,NULL
"89144","T20201CCM00001","Anuj",NULL,"KANAK","ccm_ws_ecotech@vipulmotors.com","8448598230","1",True,"4","58204","T20201CCM00001","2023-10-30 07:48:40.686","2025-10-24 07:43:45.699","b843266a-e0a1-4154-a00f-fd6eb4b70a4f","T20201CCM00001",NULL,NULL,NULL
"180369","587094","ARUN SAHU",NULL,"ARUN SAHU","arun.jptechnopark@gmail.com","7771007648","1",True,"4",NULL,"587094","2025-10-14 06:54:23.553",NULL,"79c621c5-65d4-440b-a931-8cef33220f5e",NULL,NULL,NULL,NULL
"196021","362310","ASHISH SONI",NULL,"ASHISH SONI","technoy.udp.edp@marutidealers.com","9799901219","1",True,"4",NULL,"362310","2025-11-10 11:19:28.656","2025-11-17 09:03:55.182","79c621c5-65d4-440b-a931-8cef33220f5e","MOBILE_UPDATE_API",NULL,NULL,NULL
"96301","X2NA","TECHNOY MOTORS INDIA PVT.LTD.",NULL,"TECHNOY MOTORS INDIA PVT.LTD.","technoy.rjm.ceo@marutidealers.com","9530396845","2",True,"2",NULL,NULL,"2024-02-10 00:30:35.964","2025-12-01 00:31:10.758","AmDealerLocSyncPaymentsJob","AmDealerLocSyncPaymentsJob",NULL,NULL,NULL
"183075","1276094","MANOJ KUMAR SAWANSA",NULL,"MANOJ KUMAR SAWANSA","technoy.tdm@gmail.com","9216027182","1",True,"4",NULL,"1276094","2025-10-17 20:41:22.388",NULL,"60f3db66-cacb-41d1-bf19-8330b9f24c96",NULL,NULL,NULL,NULL
"197274","270902WSM00002","TONY",NULL,"TONY","techmaijo@georgemaijo.com","7593878450","1",True,"4","6322","270902WSM00002","2025-11-11 08:58:21.421",NULL,"a9ccfaaf-51d5-413e-80aa-21e2943a8290",NULL,NULL,NULL,NULL
"10945","K9NA","TECHNOY MOTORS INDIA PVT LTD",NULL,"TECHNOY MOTORS INDIA PVT LTD","technoy.nexa.qm1@nexadealer.com","9828059421","2",True,"2",NULL,NULL,"2022-05-04 15:52:08.527","2025-12-01 00:31:06.933","AmDealerLocSyncPaymentsJob","AmDealerLocSyncPaymentsJob",NULL,NULL,NULL
"10186","5245","SOLOTECH SERVICE CENTRE",NULL,"SOLOTECH SERVICE CENTRE","solotech2@gmail.com","9845772634","2",True,"2",NULL,NULL,"2022-05-04 15:52:04.685","2025-12-01 00:31:04.604","AmDealerLocSyncPaymentsJob","AmDealerLocSyncPaymentsJob",NULL,NULL,NULL
"4100","4903","TECHNOY MOTORS INDIA PVT. LTD.",NULL,"TECHNOY MOTORS INDIA PVT. LTD.","technoybackoffice@marutidealers.com","9116170609","2",True,"2",NULL,NULL,"2022-05-04 15:51:34.283","2025-12-01 00:30:50.39","AmDealerLocSyncPaymentsJob","AmDealerLocSyncPaymentsJob",NULL,NULL,NULL
